专业,部件名称/场景分类,部位名称/场景名称,状态描述/场景描述,标注标签
安监,环境监测,房屋建筑物,盖板破损,011_hjjc_fwjzw_gbps
安监,环境监测,房屋建筑物,盖板缺失,011_hjjc_fwjzw_gbqs
安监,环境监测,房屋建筑物,门窗墙损坏,011_hjjc_fwjzw_mcqsh
安监,环境监测,房屋建筑物,排洪沟堵塞,011_hjjc_fwjzw_phgds
安监,环境监测,火灾烟雾,火灾烟雾,011_hjjc_hzyw_hzyw
安监,环境监测,积雪、积水、漏水,室内地面积雪、积水,011_hjjc_jx/js/ls_sndmjx/js
安监,环境监测,积雪、积水、漏水,室内墙面或屋顶漏水,011_hjjc_jx/js/ls_snqmhwdls
安监,环境监测,小动物闯入,小动物闯入,011_hjjc_xdwcr_xdwcr
安监,环境监测,站房,安防区域入侵,011_hjjc_zf_afqyrq
安监,环境监测,站房,防生物入侵,011_hjjc_zf_fswrq
安监,全景信息,环境信息,抱杆,011_qjxx_hjxx_bg
安监,全景信息,环境信息,成捆导线,011_qjxx_hjxx_ckdx
安监,全景信息,环境信息,高速公路,011_qjxx_hjxx_gsgl
安监,全景信息,环境信息,杆塔,011_qjxx_hjxx_gt
安监,全景信息,环境信息,护目镜,011_qjxx_hjxx_hmj
安监,全景信息,环境信息,绝缘手套,011_qjxx_hjxx_jyst
安监,全景信息,环境信息,孔洞,011_qjxx_hjxx_kd
安监,全景信息,环境信息,空导线,011_qjxx_hjxx_kdx
安监,全景信息,环境信息,跨越架,011_qjxx_hjxx_kyj
安监,全景信息,环境信息,灭火器,011_qjxx_hjxx_mhq
安监,全景信息,环境信息,输电线路,011_qjxx_hjxx_sdxl
安监,全景信息,环境信息,塔材,011_qjxx_hjxx_tc
安监,全景信息,环境信息,通风措施,011_qjxx_hjxx_tfcs
安监,全景信息,环境信息,铁路,011_qjxx_hjxx_tl
安监,全景信息,人员信息,地面作业人员-安全帽正确佩戴,011_qjxx_ryxx_dmzyry-aqmzqpd
安监,全景信息,人员信息,地面作业人员-规范着装,011_qjxx_ryxx_dmzyry-gfzz
安监,全景信息,人员信息,地面作业人员-有佩戴绝缘手套,011_qjxx_ryxx_dmzyry-ypdjyst
安监,全景信息,人员信息,高处作业人员-安全带规范使用,011_qjxx_ryxx_gczyry-aqdgfsy
安监,全景信息,人员信息,高处作业人员-爬梯有人扶持,011_qjxx_ryxx_gczyry-ptyrfc
安监,全景信息,设备信息,氧气瓶-未直立放置,011_qjxx_sbxx_yqg-wzlfz
安监,全景信息,设备信息,氧气瓶-直立放置,011_qjxx_sbxx_yqg-zlfz
安监,全景信息,设备信息,乙炔瓶-未直立放置,011_qjxx_sbxx_yqp-wzlfz
安监,全景信息,设备信息,乙炔瓶-直立放置,011_qjxx_sbxx_yqp-zlfz
安监,作业视频,作业现场监控质量检测,监控范围内无作业内容,011_zysp_zyxcjkzljc_jkfwnwzynr
安监,作业视频,作业现场监控质量检测,监控内容是否遮挡,011_zysp_zyxcjkzljc_jknrsfzd
安监,作业违章,高空作业防高坠,高处作业未佩戴安全带,011_zywz_gkzyfgz_gczywpdaqd
安监,作业违章,高空作业防高坠,高处作业未正确使用安全带,011_zywz_gkzyfgz_gczywzqsyaqd
安监,作业违章,高空作业防高坠,塔上作业速差自控器系在腰间,011_zywz_gkzyfgz_tszysczkqjzyj
安监,作业违章,高空作业防高坠,梯上作业无人扶梯,011_zywz_gkzyfgz_tszywrft
安监,作业违章,现场作业安全警示,高空抛物,011_zywz_xczyaqjs_gkpw
安监,作业违章,现场作业安全警示,火花,011_zywz_xczyaqjs_hh
安监,作业违章,现场作业安全警示,跨越（下穿）安全围栏,011_zywz_xczyaqjs_ky（xc）aqwl
安监,作业违章,现场作业安全警示,作业现场孔洞未遮盖或无防护措施,011_zywz_xczyaqjs_zyxckdwzghwfhcs
安监,作业违章,现场作业安全警示,作业现场明火,011_zywz_xczyaqjs_zyxcmh
安监,作业违章,现场作业安全警示,作业现场未设安全围栏,011_zywz_xczyaqjs_zyxcwsaqwl
安监,作业违章,现场作业安全警示,作业现场未设标示牌,011_zywz_xczyaqjs_zyxcwsbsp
安监,作业违章,现场作业安全警示,作业现场吸烟,011_zywz_xczyaqjs_zyxcxy
安监,作业违章,现场作业安全警示,作业现场烟火,011_zywz_xczyaqjs_zyxcyh
安监,作业违章,现场作业劳动防护,吊臂下站人,011_zywz_xczyldfh_dbxzr
安监,作业违章,现场作业劳动防护,接地线挂接不规范,011_zywz_xczyldfh_jdxgjbgf
安监,作业违章,现场作业劳动防护,未佩戴护目镜,011_zywz_xczyldfh_wpdhmj
安监,作业违章,现场作业劳动防护,未正确佩戴安全帽,011_zywz_xczyldfh_wzqpdaqm
安监,作业违章,现场作业劳动防护,现场作业未戴安全帽,011_zywz_xczyldfh_xczywdaqm
安监,作业违章,现场作业劳动防护,现场作业未规范着装,011_zywz_xczyldfh_xczywgfzz
安监,作业违章,现场作业劳动防护,现场作业未佩戴绝缘手套,011_zywz_xczyldfh_xczywpdjyst
安监,作业队伍,安全准入人员照片质量检测,安全准入照片模糊,011_zyxc_aqzrryzpzljc_aqzrzpmh
安监,作业队伍,安全准入人员照片质量检测,安全准入照片遮挡,011_zyxc_aqzrryzpzljc_aqzrzpzd
安监,作业现场,动火作业现场,动火作业现场,011_zyxc_dhzyxc_dhzyxc
安监,作业现场,大型机械设备作业现场,叉车识别,011_zyxc_dxjxsbzyxc_ccsb
安监,作业现场,大型机械设备作业现场,斗臂车作业,011_zyxc_dxjxsbzyxc_dbczy
安监,作业现场,大型机械设备作业现场,吊车作业,011_zyxc_dxjxsbzyxc_dczy
安监,作业现场,大型机械设备作业现场,绞磨机识别,011_zyxc_dxjxsbzyxc_jmjsb
安监,作业现场,大型机械设备作业现场,牵张机作业,011_zyxc_dxjxsbzyxc_qzjzy
安监,作业现场,大型机械设备作业现场,升降机识别,011_zyxc_dxjxsbzyxc_sjjsb
安监,作业现场,大型机械设备作业现场,挖掘机作业,011_zyxc_dxjxsbzyxc_wjjzy
安监,作业现场,高处作业,杆塔作业现场,011_zyxc_gczy_gtzyxc
安监,作业现场,高处作业,脚手架上作业现场,011_zyxc_gczy_jsjszyxc
安监,作业现场,高处作业,设备上作业现场,011_zyxc_gczy_sbszyxc
安监,作业现场,高处作业,梯上作业现场,011_zyxc_gczy_tszyxc
安监,作业现场,架线作业,导线线盘识别,011_zyxc_jxzy_dxxpsb
安监,作业现场,架线作业,跨越架识别,011_zyxc_jxzy_kyjsb
安监,作业现场,临带电作业现场,临带电作业现场,011_zyxc_lddzyxc_lddzyxc
安监,作业现场,深基坑作业现场,深基坑作业现场,011_zyxc_sjkzyxc_sjkzyxc
安监,作业现场,“三跨”作业现场,跨越带电线路作业现场,011_zyxc_skzyxc_kyddxlzyxc
安监,作业现场,“三跨”作业现场,跨越公路作业现场,011_zyxc_skzyxc_kyglzyxc
安监,作业现场,“三跨”作业现场,跨越铁路作业现场,011_zyxc_skzyxc_kytlzyxc
安监,作业现场,组塔架线作业,抱杆识别,011_zyxc_ztjxzy_bgsb
安监,作业现场,组塔架线作业,杆塔识别,011_zyxc_ztjxzy_gtsb
安监,作业现场,组塔架线作业现场,组塔架线作业现场,011_zyxc_ztjxzyxc_ztjxzyxc
安监,作业信息,作业计划,安全措施勾选与否,011_zyxx_zyjh_aqcsgxyf
安监,作业信息,作业计划,安全交底签字人数识别,011_zyxx_zyjh_aqjdqzrssb
安监,作业信息,作业计划,工作负责人是否签字,011_zyxx_zyjh_gzfzrsfqz
安监,作业信息,作业计划,工作票字迹是否涂改,011_zyxx_zyjh_gzpzjsftg
安监,作业信息,作业计划,无计划作业,011_zyxx_zyjh_wjhzy
安监,作业信息,作业计划,现场无作业人员,011_zyxx_zyjh_xcwzyry
安监,作业信息,作业计划,现场有作业人员,011_zyxx_zyjh_xcyzyry
安监,作业信息,作业资质,国网工服检测,011_zyxx_zyzz_gwgfjc
安监,作业信息,作业资质,工作负责人不在现场,011_zyxx_zyzz_gzfzrbzxc
安监,作业信息,作业资质,红色安全帽检测-安全督查员,011_zyxx_zyzz_hsaqmjc-aqdcy
安监,作业信息,作业资质,黄色安全帽检测-运行人员（工作许可人）,011_zyxx_zyzz_hsaqmjc-yxry（gzxkr）
安监,作业信息,作业资质,黄色马甲检测（安全员是否在场）,011_zyxx_zyzz_hsmjjc（aqysfzc）
安监,作业信息,作业资质,红色马甲检测（对应工作负责人在场检测）,011_zyxx_zyzz_hsmjjc（dygzfzrzcjc）
安监,作业信息,作业资质,空间作业未设监护人,011_zyxx_zyzz_kjzywsjhr
安监,作业信息,作业资质,蓝色安全帽检测-检修人员（包括工作负责人、工作班成员）,011_zyxx_zyzz_lsaqmjc-jxry（bkgzfzr、gzbcy）
设备-输电,ADSS,接线盒,正常,021_adss_jxh__zc
设备-输电,ADSS,接线盒,接线盒脱落,021_adss_jxh_jxhtl
设备-输电,ADSS,接线盒,密封不良,021_adss_jxh_mfbl
设备-输电,ADSS,支架,正常,021_adss_zj_zc
设备-输电,ADSS,支架,支架螺丝缺失,021_adss_zj_zjlsqs
设备-输电,ADSS,支架,支架缺失,021_adss_zj_zjqs
设备-输电,ADSS,支架,支架脱落,021_adss_zj_zjtl
设备-输电,保护金具,防振锤,,021_bhjj_fzc
设备-输电,保护金具,防振锤,滑移,021_bhjj_fzc_hy
设备-输电,保护金具,防振锤,偏斜,021_bhjj_fzc_px
设备-输电,保护金具,防振锤,脱落,021_bhjj_fzc_tl
设备-输电,保护金具,防振锤,锈蚀,021_bhjj_fzc_xs
设备-输电,保护金具,防振锤,正常,021_bhjj_fzc_zc
设备-输电,保护金具,护线条,断股,021_bhjj_hxt_dg
设备-输电,保护金具,护线条,破损,021_bhjj_hxt_ps
设备-输电,保护金具,护线条,松散,021_bhjj_hxt_ss
设备-输电,保护金具,护线条,位移,021_bhjj_hxt_wy
设备-输电,保护金具,护线条,正常,021_bhjj_hxt_zc
设备-输电,保护金具,护线条,灼伤,021_bhjj_hxt_zs
设备-输电,保护金具,间隔棒,缺损,021_bhjj_jgb_qs
设备-输电,保护金具,间隔棒,正常,021_bhjj_jgb_zc
设备-输电,保护金具,屏蔽环,损坏,021_bhjj_pbh_sh
设备-输电,保护金具,屏蔽环,脱落,021_bhjj_pbh_tl
设备-输电,保护金具,屏蔽环,锈蚀,021_bhjj_pbh_xs
设备-输电,保护金具,屏蔽环,正常,021_bhjj_pbh_zc
设备-输电,保护金具,屏蔽环,灼伤,021_bhjj_pbh_zs
设备-输电,保护金具,重锤,缺损,021_bhjj_zc_qs
设备-输电,保护金具,重锤,锈蚀,021_bhjj_zc_xs
设备-输电,保护金具,重锤,正常,021_bhjj_zc_zc
设备-输电,保护金具,阻尼线,断股,021_bhjj_znx_dg
设备-输电,保护金具,阻尼线,位移,021_bhjj_znx_wy
设备-输电,保护金具,阻尼线,正常,021_bhjj_znx_zc
设备-输电,保护金具,阻尼线,灼伤,021_bhjj_znx_zs
设备-输电,避雷器,本体,击伤,021_blq_bt_js
设备-输电,避雷器,本体,裂纹,021_blq_bt_lw
设备-输电,避雷器,本体,破损,021_blq_bt_ps
设备-输电,避雷器,本体,缺件,021_blq_bt_qj
设备-输电,避雷器,本体,缺螺栓,021_blq_bt_qls
设备-输电,避雷器,本体,松动,021_blq_bt_sd
设备-输电,避雷器,本体,脱落,021_blq_bt_tl
设备-输电,避雷器,本体,脱离器断开,021_blq_bt_tlqdk
设备-输电,避雷器,本体,正常,021_blq_bt_zc
设备-输电,避雷器,本体,炸开,021_blq_bt_zk
设备-输电,避雷器,计数器,表盘模糊,021_blq_jsq_bpmh
设备-输电,避雷器,计数器,计数器表面破损,021_blq_jsq_jsqbmps
设备-输电,避雷器,计数器,计数器连线松动,021_blq_jsq_jsqlxsd
设备-输电,避雷器,计数器,计数器连线脱落,021_blq_jsq_jsqlxtl
设备-输电,避雷器,计数器,计数器图文不清,021_blq_jsq_jsqtwbq
设备-输电,避雷器,计数器,计数器指示异常,021_blq_jsq_jsqzsyc
设备-输电,避雷器,计数器,外壳破损,021_blq_jsq_wkps
设备-输电,避雷器,计数器,泄漏电流表指示异常,021_blq_jsq_xldlbzsyc
设备-输电,避雷器,计数器,正常,021_blq_jsq_zc
设备-输电,避雷器,支架,间隙破损,021_blq_zj_jxps
设备-输电,避雷器,支架,正常,021_blq_zj_zc
设备-输电,避雷器,支架,支架松动,021_blq_zj_zjsd
设备-输电,避雷器,支架,支架脱落,021_blq_zj_zjtl
设备-输电,避雷针,本体,缺件,021_blz_bt_qj
设备-输电,避雷针,本体,松动,021_blz_bt_sd
设备-输电,避雷针,本体,脱落,021_blz_bt_tl
设备-输电,避雷针,本体,位移,021_blz_bt_wy
设备-输电,避雷针,本体,锈蚀,021_blz_bt_xs
设备-输电,避雷针,本体,正常,021_blz_bt_zc
设备-输电,避雷针,构架,金属锈蚀,021_blz_gj_jsxs
设备-输电,避雷针,构架,正常,021_blz_gj_zc
设备-输电,避雷针,接地装置,金属锈蚀,021_blz_jdzz_jsxs
设备-输电,避雷针,接地装置,正常,021_blz_jdzz_zc
设备-输电,标志牌,杆号牌（含相序）,正常,021_bzp_ghp（hxx）_zc
设备-输电,标志牌,杆号牌（含相序）,破损,021_bzp_ghp（hxx）ps
设备-输电,标志牌,杆号牌（含相序）,图文不清,021_bzp_ghp（hxx）twbq
设备-输电,标志牌,警告牌,破损,021_bzp_jgp_ps
设备-输电,标志牌,警告牌,图文不清,021_bzp_jgp_twbq
设备-输电,标志牌,警告牌,正常,021_bzp_jgp_zc
设备-输电,标志牌,色标牌,破损,021_bzp_sbp_ps
设备-输电,标志牌,色标牌,退色,021_bzp_sbp_ts
设备-输电,标志牌,色标牌,正常,021_bzp_sbp_zc
设备-输电,导地线,本体,补修绑扎线松散,021_ddx_bt_bxbzxss
设备-输电,导地线,本体,断股,021_ddx_bt_dg
设备-输电,导地线,本体,断线,021_ddx_bt_dx
设备-输电,导地线,本体,地线锈蚀,021_ddx_bt_dxxs
设备-输电,导地线,本体,覆冰,021_ddx_bt_fb
设备-输电,导地线,本体,OPGW附件变形,021_ddx_bt_fjbx
设备-输电,导地线,本体,OPGW附件丢失,021_ddx_bt_fjds
设备-输电,导地线,本体,OPGW附件松动,021_ddx_bt_fjsd
设备-输电,导地线,本体,OPGW附件损伤,021_ddx_bt_fjss
设备-输电,导地线,本体,弧垂偏差,021_ddx_bt_hcpc
设备-输电,导地线,本体,OPGW接线盒脱落,021_ddx_bt_jxhtl
设备-输电,导地线,本体,绝缘线绝缘层破损,021_ddx_bt_jyxjycps
设备-输电,导地线,本体,裸露,021_ddx_bt_ll
设备-输电,导地线,本体,松股,021_ddx_bt_sg
设备-输电,导地线,本体,损伤,021_ddx_bt_ss
设备-输电,导地线,本体,跳股,021_ddx_bt_tg
设备-输电,导地线,本体,脱落,021_ddx_bt_tl
设备-输电,导地线,本体,未绑扎,021_ddx_bt_wbz
设备-输电,导地线,本体,异物,021_ddx_bt_yw
设备-输电,导地线,本体,正常,021_ddx_bt_zc
设备-输电,导地线,本体,子导线鞭击,021_ddx_bt_zdxbj
设备-输电,导地线,本体,子导线断线,021_ddx_bt_zdxdx
设备-输电,导地线,本体,子导线扭绞,021_ddx_bt_zdxnj
设备-输电,导地线,本体,子导线粘连,021_ddx_bt_zdxzl
设备-输电,防鸟设施,防鸟设施,缺失,021_fnss_fnss_qs
设备-输电,防鸟设施,防鸟设施,松动,021_fnss_fnss_sd
设备-输电,防鸟设施,防鸟设施,损坏,021_fnss_fnss_sh
设备-输电,防鸟设施,防鸟设施,正常,021_fnss_fnss_zc
设备-输电,杆塔,叉梁,抱箍变形,021_gt_cl_bgbx
设备-输电,杆塔,叉梁,抱箍螺栓缺少,021_gt_cl_bglsqs
设备-输电,杆塔,叉梁,抱箍锈蚀,021_gt_cl_bgxs
设备-输电,杆塔,叉梁,水泥脱落,021_gt_cl_sntl
设备-输电,杆塔,叉梁,锈蚀,021_gt_cl_xs
设备-输电,杆塔,叉梁,正常,021_gt_cl_zc
设备-输电,杆塔,杆身,倒杆,021_gt_gs_dg
设备-输电,杆塔,杆身,法兰盘损坏,021_gt_gs_flpsh
设备-输电,杆塔,杆身,法兰锈蚀,021_gt_gs_flxs
设备-输电,杆塔,杆身,焊缝裂纹,021_gt_gs_hflw
设备-输电,杆塔,杆身,螺栓锈蚀,021_gt_gs_lsxs
设备-输电,杆塔,杆身,鸟巢,021_gt_gs_nc
设备-输电,杆塔,杆身,破损,021_gt_gs_ps
设备-输电,杆塔,杆身,缺螺栓,021_gt_gs_qls
设备-输电,杆塔,杆身,倾斜,021_gt_gs_qx
设备-输电,杆塔,杆身,损伤,021_gt_gs_ss
设备-输电,杆塔,杆身,弯曲,021_gt_gs_wq
设备-输电,杆塔,杆身,锈蚀,021_gt_gs_xs
设备-输电,杆塔,杆身,异物,021_gt_gs_yw
设备-输电,杆塔,杆身,正常,021_gt_gs_zc
设备-输电,杆塔,横担,扭转,021_gt_hd_nz
设备-输电,杆塔,横担,歪斜,021_gt_hd_wx
设备-输电,杆塔,横担,锈蚀,021_gt_hd_xs
设备-输电,杆塔,横担,正常,021_gt_hd_zc
设备-输电,杆塔,横担护栏,变形,021_gt_hdhl_bx
设备-输电,杆塔,横担护栏,断裂,021_gt_hdhl_dl
设备-输电,杆塔,横担护栏,脱落,021_gt_hdhl_tl
设备-输电,杆塔,横担护栏,锈蚀,021_gt_hdhl_xs
设备-输电,杆塔,横担护栏,正常,021_gt_hdhl_zc
设备-输电,杆塔,护栏,变形,021_gt_hl_bx
设备-输电,杆塔,护栏,断裂,021_gt_hl_dl
设备-输电,杆塔,护栏,锈蚀,021_gt_hl_xs
设备-输电,杆塔,护栏,正常,021_gt_hl_zc
设备-输电,杆塔,脚钉,变形,021_gt_jd_bx
设备-输电,杆塔,脚钉,缺少,021_gt_jd_qs
设备-输电,杆塔,脚钉,松动,021_gt_jd_sd
设备-输电,杆塔,脚钉,锈蚀,021_gt_jd_xs
设备-输电,杆塔,脚钉,正常,021_gt_jd_zc
设备-输电,杆塔,拉线,内Ｘ拉线金具缺少,021_gt_lx_nＸlxjjqs
设备-输电,杆塔,拉线,内Ｘ拉线金具锈蚀,021_gt_lx_nＸlxjjxs
设备-输电,杆塔,拉线,内Ｘ拉线缺少,021_gt_lx_nＸlxqs
设备-输电,杆塔,拉线,内Ｘ拉线松,021_gt_lx_nＸlxs
设备-输电,杆塔,拉线,松弛,021_gt_lx_sc
设备-输电,杆塔,拉线,水平稳拉金具缺少,021_gt_lx_spwljjqs
设备-输电,杆塔,拉线,水平稳拉金具锈蚀,021_gt_lx_spwljjxs
设备-输电,杆塔,拉线,水平稳拉缺少,021_gt_lx_spwlqs
设备-输电,杆塔,拉线,水平稳拉松,021_gt_lx_spwls
设备-输电,杆塔,拉线,损伤,021_gt_lx_ss
设备-输电,杆塔,拉线,锈蚀,021_gt_lx_xs
设备-输电,杆塔,拉线,UT 型线夹反装,021_gt_lx_xxjfz
设备-输电,杆塔,拉线,UT 型线夹缺螺母,021_gt_lx_xxjqlm
设备-输电,杆塔,拉线,UT 型线夹尾线散开,021_gt_lx_xxjwxsk
设备-输电,杆塔,拉线,UT 型线夹扎头铁丝散开,021_gt_lx_xxjzttssk
设备-输电,杆塔,拉线,正常,021_gt_lx_zc
设备-输电,杆塔,爬梯,变形,021_gt_pati_bx
设备-输电,杆塔,爬梯,断开,021_gt_pati_dk
设备-输电,杆塔,爬梯,防坠装置失灵,021_gt_pati_fzzzsl
设备-输电,杆塔,爬梯,缺损,021_gt_pati_qs
设备-输电,杆塔,爬梯,脱落,021_gt_pati_tl
设备-输电,杆塔,爬梯,锈蚀,021_gt_pati_xs
设备-输电,杆塔,爬梯,正常,021_gt_pati_zc
设备-输电,杆塔,平台,变形,021_gt_pingtai_bx
设备-输电,杆塔,平台,缺损,021_gt_pingtai_qs
设备-输电,杆塔,平台,锈蚀,021_gt_pingtai_xs
设备-输电,杆塔,平台,正常,021_gt_pingtai_zc
设备-输电,杆塔,塔材,抱箍锈蚀,021_gt_tc_bgxs
设备-输电,杆塔,塔材,变形,021_gt_tc_bx
设备-输电,杆塔,塔材,钢筋裸露,021_gt_tc_gjll
设备-输电,杆塔,塔材,缺螺栓,021_gt_tc_qls
设备-输电,杆塔,塔材,缺塔材,021_gt_tc_qtc
设备-输电,杆塔,塔材,锈蚀,021_gt_tc_xs
设备-输电,杆塔,塔材,正常,021_gt_tc_zc
设备-输电,杆塔,塔身,抱箍螺栓松动,021_gt_ts_bglssd
设备-输电,杆塔,塔身,抱箍螺栓锈蚀,021_gt_ts_bglsxs
设备-输电,杆塔,塔身,地线顶架锈蚀,021_gt_ts_dxdjxs
设备-输电,杆塔,塔身,法兰盘损坏,021_gt_ts_flpsh
设备-输电,杆塔,塔身,钢箍保护层脱落,021_gt_ts_ggbhctl
设备-输电,杆塔,塔身,连接钢圈损坏,021_gt_ts_ljgqsh
设备-输电,杆塔,塔身,螺栓锈蚀,021_gt_ts_lsxs
设备-输电,杆塔,塔身,裂纹,021_gt_ts_lw
设备-输电,杆塔,塔身,缺螺栓,021_gt_ts_qls
设备-输电,杆塔,塔身,弯曲,021_gt_ts_wq
设备-输电,杆塔,塔身,锈蚀,021_gt_ts_xs
设备-输电,杆塔,塔身,异物,021_gt_ts_yw
设备-输电,杆塔,塔身,正常,021_gt_ts_zc
设备-输电,基础,保护帽,出现裂缝,021_jc_bhm_cxlf
设备-输电,基础,保护帽,破损、浇制不全,021_jc_bhm_ps/jzbq
设备-输电,基础,保护帽,渗水,021_jc_bhm_ss
设备-输电,基础,保护帽,未浇制,021_jc_bhm_wjz
设备-输电,基础,保护帽,正常,021_jc_bhm_zc
设备-输电,基础,杆塔基础,沉降,021_jc_gtjc_cj
设备-输电,基础,杆塔基础,防洪设施倒塌,021_jc_gtjc_fhssdt
设备-输电,基础,杆塔基础,防碰撞设施损坏,021_jc_gtjc_fpzsssh
设备-输电,基础,杆塔基础,回填不够、基础保护范围内取土、基础保护范围内冲刷、基础保护范围内坍塌、基础保护范围内滑坡,021_jc_gtjc_htbg/jcbhfwnqt/jcbhfwncs/jcbhfwntt/jcbhfwnhp
设备-输电,基础,杆塔基础,基础立柱淹没,021_jc_gtjc_jclzym
设备-输电,基础,杆塔基础,金属基础锈蚀,021_jc_gtjc_jsjcxs
设备-输电,基础,杆塔基础,破损,021_jc_gtjc_ps
设备-输电,基础,杆塔基础,上拔,021_jc_gtjc_sb
设备-输电,基础,杆塔基础,正常,021_jc_gtjc_zc
设备-输电,基础,杆塔基础,杂物堆积、植被覆盖,021_jc_gtjc_zwdj/zbfg
设备-输电,基础,拉线基础,回填不够、基础保护范围内取土、基础保护范围内冲刷、基础保护范围内坍塌、基础保护范围内滑坡,021_jc_lxjc_htbg/jcbhfwnqt/jcbhfwncs/jcbhfwntt/jcbhfwnhp
设备-输电,基础,拉线基础,拉线棒锈蚀,021_jc_lxjc_lxbxs
设备-输电,基础,拉线基础,正常,021_jc_lxjc_zc
设备-输电,基础,拉线基础,杂物堆积,021_jc_lxjc_zwdj
设备-输电,接地装置,接地螺栓,缺失,021_jdzz_jdls_qs
设备-输电,接地装置,接地螺栓,锈蚀,021_jdzz_jdls_xs
设备-输电,接地装置,接地螺栓,正常,021_jdzz_jdls_zc
设备-输电,接地装置,接地线,外露,021_jdzz_jdx_wl
设备-输电,接地装置,接地线,正常,021_jdzz_jdx_zc
设备-输电,接地装置,引下线,断开,021_jdzz_yxx_dk
设备-输电,接地装置,引下线,缺失,021_jdzz_yxx_qs
设备-输电,接地装置,引下线,锈蚀,021_jdzz_yxx_xs
设备-输电,接地装置,引下线,正常,021_jdzz_yxx_zc
设备-输电,接续金具,并沟线夹,螺栓松动,021_jxjj_bgxj_lssd
设备-输电,接续金具,并沟线夹,缺损,021_jxjj_bgxj_qs
设备-输电,接续金具,并沟线夹,位移,021_jxjj_bgxj_wy
设备-输电,接续金具,并沟线夹,正常,021_jxjj_bgxj_zc
设备-输电,接续金具,接续管,导地线出口处断股、抽头或位移,021_jxjj_jxg_ddxckcdg/cthwy
设备-输电,接续金具,接续管,导地线出口处鼓包,021_jxjj_jxg_ddxckcgb
设备-输电,接续金具,接续管,裂纹,021_jxjj_jxg_lw
设备-输电,接续金具,接续管,弯曲,021_jxjj_jxg_wq
设备-输电,接续金具,接续管,正常,021_jxjj_jxg_zc
设备-输电,接续金具,绝缘罩,脱落,021_jxjj_jyz_tl
设备-输电,接续金具,绝缘罩,正常,021_jxjj_jyz_zc
设备-输电,接续金具,螺栓螺母,缺失,021_jxjj_lslm_qs
设备-输电,接续金具,螺栓螺母,正常,021_jxjj_lslm_zc
设备-输电,接续金具,球头,锈蚀,021_jxjj_qt_xs
设备-输电,接续金具,球头,正常,021_jxjj_qt_zc
设备-输电,接续金具,线夹,跑线,021_jxjj_xj_px
设备-输电,接续金具,线夹,脱落,021_jxjj_xj_tl
设备-输电,接续金具,线夹,锈蚀,021_jxjj_xj_xs
设备-输电,接续金具,线夹,正常,021_jxjj_xj_zc
设备-输电,接续金具,线夹铝包带,缠绕不规范,021_jxjj_xjlbd_crbgf
设备-输电,接续金具,线夹铝包带,缺失,021_jxjj_xjlbd_qs
设备-输电,接续金具,线夹铝包带,正常,021_jxjj_xjlbd_zc
设备-输电,接续金具,预绞丝,断股,021_jxjj_yjs_dg
设备-输电,接续金具,预绞丝,滑移,021_jxjj_yjs_hy
设备-输电,接续金具,预绞丝,散股,021_jxjj_yjs_sg
设备-输电,接续金具,预绞丝,正常,021_jxjj_yjs_zc
设备-输电,接续金具,主件,松动脱落,021_jxjj_zj_sdtl
设备-输电,接续金具,主件,正常,021_jxjj_zj_zc
设备-输电,绝缘子,本体,串倾斜,021_jyz_bt_cqx
设备-输电,绝缘子,本体,掉串,021_jyz_bt_dc
设备-输电,绝缘子,本体,放电痕迹,021_jyz_bt_fdhj
设备-输电,绝缘子,本体,钢脚变形,021_jyz_bt_gjbx
设备-输电,绝缘子,本体,钢帽裂纹,021_jyz_bt_gmlw
设备-输电,绝缘子,本体,裂纹,021_jyz_bt_lw
设备-输电,绝缘子,本体,破损,021_jyz_bt_ps
设备-输电,绝缘子,本体,污秽,021_jyz_bt_wh
设备-输电,绝缘子,本体,锈蚀,021_jyz_bt_xs
设备-输电,绝缘子,本体,釉表面灼伤,021_jyz_bt_ybmzs
设备-输电,绝缘子,本体,自爆,021_jyz_bt_zb
设备-输电,绝缘子,本体,正常,021_jyz_bt_zc
设备-输电,绝缘子,本体,憎水性丧失,021_jyz_bt_zsxss
设备-输电,绝缘子,护套,护套破损,021_jyz_ht_htps
设备-输电,绝缘子,护套,正常,021_jyz_ht_zc
设备-输电,绝缘子,均压环,均压环反装,021_jyz_jyh_jyhfz
设备-输电,绝缘子,均压环,均压环螺栓松,021_jyz_jyh_jyhlss
设备-输电,绝缘子,均压环,均压环损坏,021_jyz_jyh_jyhsh
设备-输电,绝缘子,均压环,均压环脱落,021_jyz_jyh_jyhtl
设备-输电,绝缘子,均压环,均压环锈蚀,021_jyz_jyh_jyhxs
设备-输电,绝缘子,均压环,均压环移位,021_jyz_jyh_jyhyw
设备-输电,绝缘子,均压环,均压环灼伤,021_jyz_jyh_jyhzs
设备-输电,绝缘子,均压环,正常,021_jyz_jyh_zc
设备-输电,绝缘子,伞裙,伞裙破损,021_jyz_sq_sqps
设备-输电,绝缘子,伞裙,伞裙脱落,021_jyz_sq_sqtl
设备-输电,绝缘子,伞裙,正常,021_jyz_sq_zc
设备-输电,绝缘子,招弧角,正常,021_jyz_zhj_zc
设备-输电,绝缘子,招弧角,招弧角间隙脱落,021_jyz_zhj_zhjjxtl
设备-输电,绝缘子,招弧角,招弧角灼伤,021_jyz_zhj_zhjzs
设备-输电,联接金具,调整板,磨损,021_ljjj_dzb_ms
设备-输电,联接金具,调整板,锈蚀,021_ljjj_dzb_xs
设备-输电,联接金具,调整板,正常,021_ljjj_dzb_zc
设备-输电,联接金具,挂板,变形,021_ljjj_gb_bx
设备-输电,联接金具,挂板,磨损,021_ljjj_gb_ms
设备-输电,联接金具,挂板,锁紧销缺损,021_ljjj_gb_sjxqs
设备-输电,联接金具,挂板,锈蚀,021_ljjj_gb_xs
设备-输电,联接金具,挂板,正常,021_ljjj_gb_zc
设备-输电,联接金具,挂板,灼伤,021_ljjj_gb_zs
设备-输电,联接金具,联板,,021_ljjj_lb
设备-输电,联接金具,联板,磨损,021_ljjj_lb_ms
设备-输电,联接金具,联板,锈蚀,021_ljjj_lb_xs
设备-输电,联接金具,联板,正常,021_ljjj_lb_zc
设备-输电,联接金具,球头挂环,变形,021_ljjj_qtgh_bx
设备-输电,联接金具,球头挂环,磨损,021_ljjj_qtgh_ms
设备-输电,联接金具,球头挂环,锈蚀,021_ljjj_qtgh_xs
设备-输电,联接金具,球头挂环,正常,021_ljjj_qtgh_zc
设备-输电,联接金具,球头挂环,灼伤,021_ljjj_qtgh_zs
设备-输电,联接金具,U 型挂环,变形,021_ljjj_xgh_bx
设备-输电,联接金具,U 型挂环,磨损,021_ljjj_xgh_ms
设备-输电,联接金具,U 型挂环,缺螺帽,021_ljjj_xgh_qlm
设备-输电,联接金具,U 型挂环,销钉缺损,021_ljjj_xgh_xdqs
设备-输电,联接金具,U 型挂环,锈蚀,021_ljjj_xgh_xs
设备-输电,联接金具,U 型挂环,正常,021_ljjj_xgh_zc
设备-输电,联接金具,U 型挂环,灼伤,021_ljjj_xgh_zs
设备-输电,联接金具,YL 型拉杆,变形,021_ljjj_xlg_bx
设备-输电,联接金具,YL 型拉杆,磨损,021_ljjj_xlg_ms
设备-输电,联接金具,YL 型拉杆,锈蚀,021_ljjj_xlg_xs
设备-输电,联接金具,YL 型拉杆,正常,021_ljjj_xlg_zc
设备-输电,联接金具,YL 型拉杆,灼伤,021_ljjj_xlg_zs
设备-输电,联接金具,U 型螺丝,变形,021_ljjj_xls_bx
设备-输电,联接金具,U 型螺丝,开口销缺损,021_ljjj_xls_kkxqs
设备-输电,联接金具,U 型螺丝,磨损,021_ljjj_xls_ms
设备-输电,联接金具,U 型螺丝,缺螺帽,021_ljjj_xls_qlm
设备-输电,联接金具,U 型螺丝,松动,021_ljjj_xls_sd
设备-输电,联接金具,U 型螺丝,锈蚀,021_ljjj_xls_xs
设备-输电,联接金具,U 型螺丝,正常,021_ljjj_xls_zc
设备-输电,联接金具,U 型螺丝,灼伤,021_ljjj_xls_zs
设备-输电,联接金具,延长环,变形,021_ljjj_ych_bx
设备-输电,联接金具,延长环,磨损,021_ljjj_ych_ms
设备-输电,联接金具,延长环,锈蚀,021_ljjj_ych_xs
设备-输电,联接金具,延长环,正常,021_ljjj_ych_zc
设备-输电,联接金具,延长环,灼伤,021_ljjj_ych_zs
设备-输电,联接金具,直角环,变形,021_ljjj_zjh_bx
设备-输电,联接金具,直角环,磨损,021_ljjj_zjh_ms
设备-输电,联接金具,直角环,锈蚀,021_ljjj_zjh_xs
设备-输电,联接金具,直角环,正常,021_ljjj_zjh_zc
设备-输电,联接金具,直角环,灼伤,021_ljjj_zjh_zs
设备-输电,耐张线夹,本体,滑移,021_nzxj_bt_hy
设备-输电,耐张线夹,本体,锈蚀,021_nzxj_bt_xs
设备-输电,耐张线夹,本体,正常,021_nzxj_bt_zc
设备-输电,耐张线夹,本体,灼伤,021_nzxj_bt_zs
设备-输电,耐张线夹,铝包带,断股,021_nzxj_lbd_dg
设备-输电,耐张线夹,铝包带,松散,021_nzxj_lbd_ss
设备-输电,耐张线夹,铝包带,正常,021_nzxj_lbd_zc
设备-输电,耐张线夹,螺栓,松动,021_nzxj_ls_sd
设备-输电,耐张线夹,螺栓,锁紧销缺损,021_nzxj_ls_sjxqs
设备-输电,耐张线夹,螺栓,脱落,021_nzxj_ls_tl
设备-输电,耐张线夹,螺栓,正常,021_nzxj_ls_zc
设备-输电,耐张线夹,压接管,管口导线滑动,021_nzxj_yjg_gkdxhd
设备-输电,耐张线夹,压接管,钢锚锈蚀,021_nzxj_yjg_gmxs
设备-输电,耐张线夹,压接管,裂纹,021_nzxj_yjg_lw
设备-输电,耐张线夹,压接管,正常,021_nzxj_yjg_zc
设备-输电,耐张线夹,引流板,裂纹,021_nzxj_ylb_lw
设备-输电,耐张线夹,引流板,正常,021_nzxj_ylb_zc
设备-输电,通道环境,线下山火烟雾隐患,烟雾,021_td_hj_yw
设备-输电,通道环境,通道环境,覆冰,021_tdhj_tdhj_fb
设备-输电,通道环境,通道环境,覆冰环境,021_tdhj_tdhj_fbhj
设备-输电,通道环境,通道环境,夜视环境,021_tdhj_tdhj_yshj
设备-输电,通道环境,通道异物,地面易漂浮物,021_tdhj_tdyw_dmypfw
设备-输电,通道环境,通道异物,线上异物,021_tdhj_tdyw_xsyw
设备-输电,通道环境,通道异物,正常,021_tdhj_tdyw_zc
设备-输电,通道环境,通道杂物堆积,通道杂物堆积,021_tdhj_tdzwdj_tdzwdj
设备-输电,通道环境,通道杂物堆积,正常,021_tdhj_tdzwdj_zc
设备-输电,通道环境,线路与树木、房屋距离,屋障、树障,021_tdhj_xlysm/fwjl_wz/sz
设备-输电,通道环境,线路与树木、房屋距离,正常,021_tdhj_xlysm/fwjl_zc
设备-输电,通道环境,线下施工外破隐患,打桩机,021_tdhj_xxsgwpyh_dzj
设备-输电,通道环境,线下施工外破隐患,翻斗车,021_tdhj_xxsgwpyh_fdc
设备-输电,通道环境,线下施工外破隐患,水泥泵车,021_tdhj_xxsgwpyh_snbc
设备-输电,通道环境,线下施工外破隐患,塔吊,021_tdhj_xxsgwpyh_td
设备-输电,通道环境,线下施工外破隐患,推土机,021_tdhj_xxsgwpyh_ttj
设备-输电,通道环境,线下施工外破隐患,挖掘机,021_tdhj_xxsgwpyh_wjj
设备-输电,通道环境,线下施工外破隐患,移动吊车,021_tdhj_xxsgwpyh_yddc
设备-输电,通道环境,线下施工外破隐患,正常,021_tdhj_xxsgwpyh_zc
设备-输电,通道环境,线下山火烟雾隐患,山火、烟雾,021_tdhj_xxshywyh_sh/yw
设备-输电,通道环境,线下山火烟雾隐患,正常,021_tdhj_xxshywyh_zc
设备-输电,悬垂线夹,船体,变形,021_xcxj_ct_bx
设备-输电,悬垂线夹,船体,断裂,021_xcxj_ct_dl
设备-输电,悬垂线夹,船体,挂板锈蚀,021_xcxj_ct_gbxs
设备-输电,悬垂线夹,船体,挂轴磨损,021_xcxj_ct_gzms
设备-输电,悬垂线夹,船体,马鞍螺丝锈蚀,021_xcxj_ct_malsxs
设备-输电,悬垂线夹,船体,偏移,021_xcxj_ct_py
设备-输电,悬垂线夹,船体,锈蚀,021_xcxj_ct_xs
设备-输电,悬垂线夹,船体,正常,021_xcxj_ct_zc
设备-输电,悬垂线夹,船体,灼伤,021_xcxj_ct_zs
设备-输电,悬垂线夹,螺栓,开口销缺损,021_xcxj_ls_kkxqs
设备-输电,悬垂线夹,螺栓,缺垫片,021_xcxj_ls_qdp
设备-输电,悬垂线夹,螺栓,缺螺帽,021_xcxj_ls_qlm
设备-输电,悬垂线夹,螺栓,松动,021_xcxj_ls_sd
设备-输电,悬垂线夹,螺栓,脱落,021_xcxj_ls_tl
设备-输电,悬垂线夹,螺栓,正常,021_xcxj_ls_zc
设备-输电,小金具,螺母,安装不规范,021_xjj_lm_azbgf
设备-输电,小金具,螺母,缺螺母,021_xjj_lm_qlm
设备-输电,小金具,螺母,锈蚀,021_xjj_lm_xs
设备-输电,小金具,螺母,正常,021_xjj_lm_zc
设备-输电,小金具,螺丝,安装不规范,021_xjj_ls_azbgf
设备-输电,小金具,螺丝,正常,021_xjj_ls_zc
设备-输电,小金具,销钉,安装不到位,021_xjj_xd_azbdw
设备-输电,小金具,销钉,缺销,021_xjj_xd_qx
设备-输电,小金具,销钉,锈蚀,021_xjj_xd_xs
设备-输电,小金具,销钉,R型销钉缺失或脱落,021_xjj_xd_xxdqshtl
设备-输电,小金具,销钉,R型销钉松动,021_xjj_xd_xxdsd
设备-输电,小金具,销钉,正常,021_xjj_xd_zc
设备-输电,小金具,销子,保险销子脱落,021_xjj_xz_bxxztl
设备-输电,小金具,销子,正常,021_xjj_xz_zc
设备-输电,在线监测装置,在线监测装置,采集箱松动,021_zxjczz_zxjczz_cjxsd
设备-输电,在线监测装置,在线监测装置,太阳能板松动和脱落,021_zxjczz_zxjczz_tynbsdhtl
设备-输电,在线监测装置,在线监测装置,元件缺失,021_zxjczz_zxjczz_yjqs
设备-输电,在线监测装置,在线监测装置,正常,021_zxjczz_zxjczz_zc
设备-变电,避雷器,本体,击伤,022_blq_bt_js
设备-变电,避雷器,本体,裂纹,022_blq_bt_lw
设备-变电,避雷器,本体,破损,022_blq_bt_ps
设备-变电,避雷器,本体,缺件,022_blq_bt_qj
设备-变电,避雷器,本体,缺螺栓,022_blq_bt_qls
设备-变电,避雷器,本体,松动,022_blq_bt_sd
设备-变电,避雷器,本体,脱落,022_blq_bt_tl
设备-变电,避雷器,本体,脱离器断开,022_blq_bt_tlqdk
设备-变电,避雷器,本体,正常,022_blq_bt_zc
设备-变电,避雷器,本体,炸开,022_blq_bt_zk
设备-变电,避雷器,计数器,表盘模糊,022_blq_jsq_bpmh
设备-变电,避雷器,计数器,计数器表面破损,022_blq_jsq_jsqbmps
设备-变电,避雷器,计数器,计数器连线松动,022_blq_jsq_jsqlxsd
设备-变电,避雷器,计数器,计数器连线脱落,022_blq_jsq_jsqlxtl
设备-变电,避雷器,计数器,计数器图文不清,022_blq_jsq_jsqtwbq
设备-变电,避雷器,计数器,计数器指示异常,022_blq_jsq_jsqzsyc
设备-变电,避雷器,计数器,外壳破损,022_blq_jsq_wkps
设备-变电,避雷器,计数器,泄漏电流表指示异常,022_blq_jsq_xldlbzsyc
设备-变电,避雷器,计数器,正常,022_blq_jsq_zc
设备-变电,避雷器,支架,间隙破损,022_blq_zj_jxps
设备-变电,避雷器,支架,正常,022_blq_zj_zc
设备-变电,避雷器,支架,支架松动,022_blq_zj_zjsd
设备-变电,避雷器,支架,支架脱落,022_blq_zj_zjtl
设备-变电,避雷针,本体,缺件,022_blz_bt_qj
设备-变电,避雷针,本体,松动,022_blz_bt_sd
设备-变电,避雷针,本体,脱落,022_blz_bt_tl
设备-变电,避雷针,本体,位移,022_blz_bt_wy
设备-变电,避雷针,本体,锈蚀,022_blz_bt_xs
设备-变电,避雷针,本体,正常,022_blz_bt_zc
设备-变电,避雷针,接地装置,金属锈蚀,022_blz_jdzz_jsxs
设备-变电,避雷针,接地装置,正常,022_blz_jdzz_zc
设备-变电,避雷针,构架,金属锈蚀,022_blz_jg_jsxs
设备-变电,避雷针,构架,正常,022_blz_jg_zc
设备-变电,变压器or电抗器,本体储油柜,部件表面油污,022_byq/dkq_btcyg_bjbmyw
设备-变电,变压器or电抗器,本体储油柜,金属锈蚀,022_byq/dkq_btcyg_jsxs
设备-变电,变压器or电抗器,本体储油柜,正常,022_byq/dkq_btcyg_zc
设备-变电,变压器or电抗器,本体呼吸器,硅胶变色,022_byq/dkq_bthxq_gjbs
设备-变电,变压器or电抗器,本体呼吸器,硅胶筒玻璃破损,022_byq/dkq_bthxq_gjtblps
设备-变电,变压器or电抗器,本体呼吸器,油封玻璃破损,022_byq/dkq_bthxq_yfblps
设备-变电,变压器or电抗器,本体呼吸器,油封油位异常,022_byq/dkq_bthxq_yfywyc
设备-变电,变压器or电抗器,本体呼吸器,正常,022_byq/dkq_bthxq_zc
设备-变电,变压器or电抗器,端子箱,金属锈蚀,022_byq/dkq_dzx_jsxs
设备-变电,变压器or电抗器,端子箱,箱门闭合异常,022_byq/dkq_dzx_xmbhyc
设备-变电,变压器or电抗器,端子箱,正常,022_byq/dkq_dzx_zc
设备-变电,变压器or电抗器,分接开关储油柜,部件表面油污,022_byq/dkq_fjkgcyg_bjbmyw
设备-变电,变压器or电抗器,分接开关储油柜,金属锈蚀,022_byq/dkq_fjkgcyg_jsxs
设备-变电,变压器or电抗器,分接开关储油柜,正常,022_byq/dkq_fjkgcyg_zc
设备-变电,变压器or电抗器,分接开关呼吸器,硅胶变色,022_byq/dkq_fjkghxq_gjbs
设备-变电,变压器or电抗器,分接开关呼吸器,硅胶筒玻璃破损,022_byq/dkq_fjkghxq_gjtblps
设备-变电,变压器or电抗器,分接开关呼吸器,油封玻璃破损,022_byq/dkq_fjkghxq_yfblps
设备-变电,变压器or电抗器,分接开关呼吸器,油封油位异常,022_byq/dkq_fjkghxq_yfywyc
设备-变电,变压器or电抗器,分接开关呼吸器,正常,022_byq/dkq_fjkghxq_zc
设备-变电,变压器or电抗器,分接开关机构箱,金属锈蚀,022_byq/dkq_fjkgjgx_jsxs
设备-变电,变压器or电抗器,分接开关机构箱,箱门闭合异常,022_byq/dkq_fjkgjgx_xmbhyc
设备-变电,变压器or电抗器,分接开关机构箱,正常,022_byq/dkq_fjkgjgx_zc
设备-变电,变压器or电抗器,护套,缺失,022_byq/dkq_ht_qs
设备-变电,变压器or电抗器,护套,正常,022_byq/dkq_ht_zc
设备-变电,变压器or电抗器,接地,锈蚀,022_byq/dkq_jd_xs
设备-变电,变压器or电抗器,接地,正常,022_byq/dkq_jd_zc
设备-变电,变压器or电抗器,控制箱,金属锈蚀,022_byq/dkq_kzx_jsxs
设备-变电,变压器or电抗器,控制箱,箱门闭合异常,022_byq/dkq_kzx_xmbhyc
设备-变电,变压器or电抗器,控制箱,正常,022_byq/dkq_kzx_zc
设备-变电,变压器or电抗器,冷却器,部件表面油污,022_byq/dkq_lqq_bjbmyw
设备-变电,变压器or电抗器,冷却器,风扇故障,022_byq/dkq_lqq_fsgz
设备-变电,变压器or电抗器,冷却器,散热片表面污秽,022_byq/dkq_lqq_srpbmwh
设备-变电,变压器or电抗器,冷却器,正常,022_byq/dkq_lqq_zc
设备-变电,变压器or电抗器,气体继电器,表计读数异常,022_byq/dkq_qtjdq_bjdsyc
设备-变电,变压器or电抗器,气体继电器,外壳破损,022_byq/dkq_qtjdq_wkps
设备-变电,变压器or电抗器,气体继电器,油位异常,022_byq/dkq_qtjdq_ywyc
设备-变电,变压器or电抗器,气体继电器,正常,022_byq/dkq_qtjdq_zc
设备-变电,变压器or电抗器,潜油泵,部件表面油污,022_byq/dkq_qyb_bjbmyw
设备-变电,变压器or电抗器,潜油泵,正常,022_byq/dkq_qyb_zc
设备-变电,变压器or电抗器,升高座,部件表面油污,022_byq/dkq_sgz_bjbmyw
设备-变电,变压器or电抗器,升高座,正常,022_byq/dkq_sgz_zc
设备-变电,变压器or电抗器,套管,油位窗读数异常,022_byq/dkq_tg_ywcdsyc
设备-变电,变压器or电抗器,套管,正常,022_byq/dkq_tg_zc
设备-变电,变压器or电抗器,油流继电器,表计读数异常,022_byq/dkq_yljdq_bjdsyc
设备-变电,变压器or电抗器,油流继电器,外壳破损,022_byq/dkq_yljdq_wkps
设备-变电,变压器or电抗器,油流继电器,正常,022_byq/dkq_yljdq_zc
设备-变电,变压器or电抗器,压力释放阀,部件表面油污,022_byq/dkq_ylsff_bjbmyw
设备-变电,变压器or电抗器,压力释放阀,正常,022_byq/dkq_ylsff_zc
设备-变电,变压器or电抗器,油温表,表计读数异常,022_byq/dkq_ywb_bjdsyc
设备-变电,变压器or电抗器,油温表,外壳破损,022_byq/dkq_ywb_wkps
设备-变电,变压器or电抗器,油温表,正常,022_byq/dkq_ywb_zc
设备-变电,变压器or电抗器,油位计,表计读数异常,022_byq/dkq_ywj_bjdsyc
设备-变电,变压器or电抗器,油位计,外壳破损,022_byq/dkq_ywj_wkps
设备-变电,变压器or电抗器,油位计,正常,022_byq/dkq_ywj_zc
设备-变电,变压器or电抗器,油箱,部件表面油污,022_byq/dkq_yx_bjbmyw
设备-变电,变压器or电抗器,油箱,地面油污,022_byq/dkq_yx_dmyw
设备-变电,变压器or电抗器,油箱,构架爬梯未上锁,022_byq/dkq_yx_gjptwss
设备-变电,变压器or电抗器,油箱,金属锈蚀,022_byq/dkq_yx_jsxs
设备-变电,变压器or电抗器,油箱,漏油,022_byq/dkq_yx_ly
设备-变电,变压器or电抗器,油箱,正常,022_byq/dkq_yx_zc
设备-变电,变压器or电抗器,在线油色谱装置,部件表面油污,022_byq/dkq_zxyspzz_bjbmyw
设备-变电,变压器or电抗器,在线油色谱装置,正常,022_byq/dkq_zxyspzz_zc
设备-变电,变压器or电抗器,在线油色谱装置,在线显示装置异常,022_byq/dkq_zxyspzz_zxxszzyc
设备-变电,电力电容器or耦合电容器,本体,部件表面油污,022_dldrq/ohdrq_bt_bjbmyw
设备-变电,电力电容器or耦合电容器,本体,硅胶变色,022_dldrq/ohdrq_bt_gjbs
设备-变电,电力电容器or耦合电容器,本体,硅胶筒玻璃破损,022_dldrq/ohdrq_bt_gjtblps
设备-变电,电力电容器or耦合电容器,本体,外观变形,022_dldrq/ohdrq_bt_wgbx
设备-变电,电力电容器or耦合电容器,本体,油封玻璃破损,022_dldrq/ohdrq_bt_yfblps
设备-变电,电力电容器or耦合电容器,本体,油封油位异常,022_dldrq/ohdrq_bt_yfywyc
设备-变电,电力电容器or耦合电容器,本体,正常,022_dldrq/ohdrq_bt_zc
设备-变电,电力电容器or耦合电容器,瓷套,表面污秽,022_dldrq/ohdrq_ct_bmwh
设备-变电,电力电容器or耦合电容器,瓷套,瓷套裂纹,022_dldrq/ohdrq_ct_ctlw
设备-变电,电力电容器or耦合电容器,瓷套,瓷套破损,022_dldrq/ohdrq_ct_ctps
设备-变电,电力电容器or耦合电容器,瓷套,正常,022_dldrq/ohdrq_ct_zc
设备-变电,电流互感器or电压互感器,本体,部件表面油污,022_dlhgq/dyhgq_bt_bjbmyw
设备-变电,电流互感器or电压互感器,本体,火灾烟雾,022_dlhgq/dyhgq_bt_hzyw
设备-变电,电流互感器or电压互感器,本体,金属锈蚀,022_dlhgq/dyhgq_bt_jsxs
设备-变电,电流互感器or电压互感器,本体,外绝缘裂纹,022_dlhgq/dyhgq_bt_wjylw
设备-变电,电流互感器or电压互感器,本体,外绝缘破损,022_dlhgq/dyhgq_bt_wjyps
设备-变电,电流互感器or电压互感器,本体,油位计破损,022_dlhgq/dyhgq_bt_ywjps
设备-变电,电流互感器or电压互感器,本体,油位计指示异常,022_dlhgq/dyhgq_bt_ywjzsyc
设备-变电,电流互感器or电压互感器,本体,正常,022_dlhgq/dyhgq_bt_zc
设备-变电,电流互感器or电压互感器,构架及基础,金属锈蚀,022_dlhgq/dyhgq_gjjjc_jsxs
设备-变电,电流互感器or电压互感器,构架及基础,倾斜,022_dlhgq/dyhgq_gjjjc_qx
设备-变电,电流互感器or电压互感器,构架及基础,正常,022_dlhgq/dyhgq_gjjjc_zc
设备-变电,断路器,本体,部件表面油污,022_dlq_bt_bjbmyw
设备-变电,断路器,本体,金属锈蚀,022_dlq_bt_jsxs
设备-变电,断路器,本体,正常,022_dlq_bt_zc
设备-变电,断路器,动作计数器,计数异常,022_dlq_dzjsq_jsyc
设备-变电,断路器,动作计数器,正常,022_dlq_dzjsq_zc
设备-变电,断路器,端子箱,金属锈蚀,022_dlq_dzx_jsxs
设备-变电,断路器,端子箱,箱门闭合异常,022_dlq_dzx_xmbhyc
设备-变电,断路器,端子箱,正常,022_dlq_dzx_zc
设备-变电,断路器,分合闸指示器,分合闸指示不清,022_dlq_fhzzsq_fhzzsbq
设备-变电,断路器,分合闸指示器,脱落,022_dlq_fhzzsq_tl
设备-变电,断路器,分合闸指示器,正常,022_dlq_fhzzsq_zc
设备-变电,断路器,机构箱,金属锈蚀,022_dlq_jgx_jsxs
设备-变电,断路器,机构箱,外观变形,022_dlq_jgx_wgbx
设备-变电,断路器,机构箱,箱门闭合异常,022_dlq_jgx_xmbhyc
设备-变电,断路器,机构箱,正常,022_dlq_jgx_zc
设备-变电,断路器,均压环,变形,022_dlq_jyh_bx
设备-变电,断路器,均压环,破损,022_dlq_jyh_ps
设备-变电,断路器,均压环,脱落,022_dlq_jyh_tl
设备-变电,断路器,均压环,正常,022_dlq_jyh_zc
设备-变电,跌落式熔断器,本体,绝缘罩缺失,022_dlsrdq_bt_jyzqs
设备-变电,跌落式熔断器,本体,开断,022_dlsrdq_bt_kd
设备-变电,跌落式熔断器,本体,破损,022_dlsrdq_bt_ps
设备-变电,跌落式熔断器,本体,污秽,022_dlsrdq_bt_wh
设备-变电,跌落式熔断器,本体,锈蚀,022_dlsrdq_bt_xs
设备-变电,跌落式熔断器,本体,正常,022_dlsrdq_bt_zc
设备-变电,GIS,SF6 压力表,表计读数异常,022_gis_sf6ylb_bjdsyc
设备-变电,GIS,SF6 压力表,外壳破损,022_gis_sf6ylb_wkps
设备-变电,GIS,SF6 压力表,正常,022_gis_sf6ylb_zc
设备-变电,隔离开关,分合闸指示,分合闸指示不清,022_glkg_fhzzs_fhzzsbq
设备-变电,隔离开关,分合闸指示,脱落,022_glkg_fhzzs_tl
设备-变电,隔离开关,分合闸指示,正常,022_glkg_fhzzs_zc
设备-变电,隔离开关,机构箱,金属锈蚀,022_glkg_jgx_jsxs
设备-变电,隔离开关,机构箱,箱门闭合异常,022_glkg_jgx_xmbhyc
设备-变电,隔离开关,机构箱,正常,022_glkg_jgx_zc
设备-变电,高压配电柜,本体,本体外观破损,022_gypdg_bt_btwgps
设备-变电,高压配电柜,本体,正常,022_gypdg_bt_zc
设备-变电,高压配电柜,表箱,表箱锈蚀,022_gypdg_bx_bxxs
设备-变电,高压配电柜,表箱,正常,022_gypdg_bx_zc
设备-变电,高压配电柜,操作把手,操作把手位置,022_gypdg_czbs_czbswz
设备-变电,高压配电柜,操作把手,正常,022_gypdg_czbs_zc
设备-变电,高压配电柜,压板,压板位置状态,022_gypdg_yb_ybwzzt
设备-变电,高压配电柜,压板,正常,022_gypdg_yb_zc
设备-变电,环境监测,房屋建筑物,盖板破损,022_hjjc_fwjzw_gbps
设备-变电,环境监测,房屋建筑物,盖板缺失,022_hjjc_fwjzw_gbqs
设备-变电,环境监测,房屋建筑物,门窗墙损坏,022_hjjc_fwjzw_mcqsh
设备-变电,环境监测,房屋建筑物,排洪沟堵塞,022_hjjc_fwjzw_phgds
设备-变电,环境监测,房屋建筑物,正常,022_hjjc_fwjzw_zc
设备-变电,环境监测,挂空悬浮物,挂空悬浮物,022_hjjc_gkxfw_gkxfw
设备-变电,环境监测,火灾烟雾,火灾烟雾,022_hjjc_hzyw_hzyw
设备-变电,环境监测,火灾烟雾,正常,022_hjjc_hzyw_zc
设备-变电,环境监测,积雪、积水、漏水,室内地面积雪、积水,022_hjjc_jx/js/ls_sndmjx/js
设备-变电,环境监测,积雪、积水、漏水,室内墙面或屋顶漏水,022_hjjc_jx/js/ls_snqmhwdls
设备-变电,环境监测,积雪、积水、漏水,正常,022_hjjc_jx/js/ls_zc
设备-变电,环境监测,小动物闯入,小动物闯入,022_hjjc_xdwcr_xdwcr
设备-变电,环境监测,小动物闯入,正常,022_hjjc_xdwcr_zc
设备-变电,环境监测,站房,安防区域入侵,022_hjjc_zf_afqyrq
设备-变电,环境监测,站房,防生物入侵,022_hjjc_zf_fswrq
设备-变电,环境监测,站房,正常,022_hjjc_zf_zc
设备-变电,接地装置,接地螺栓,缺失,022_jdzz_jdls_qs
设备-变电,接地装置,接地螺栓,锈蚀,022_jdzz_jdls_xs
设备-变电,接地装置,接地螺栓,正常,022_jdzz_jdls_zc
设备-变电,接地装置,接地线,外露,022_jdzz_jdx_wl
设备-变电,接地装置,接地线,锈蚀,022_jdzz_jdx_xs
设备-变电,接地装置,接地线,正常,022_jdzz_jdx_zc
设备-变电,接地装置,引下线,断开,022_jdzz_yxx_dk
设备-变电,接地装置,引下线,缺失,022_jdzz_yxx_qs
设备-变电,接地装置,引下线,松动,022_jdzz_yxx_sd
设备-变电,接地装置,引下线,锈蚀,022_jdzz_yxx_xs
设备-变电,接地装置,引下线,正常,022_jdzz_yxx_zc
设备-变电,开关柜,观察窗,动作计数器异常,022_kgg_gcc_dzjsqyc
设备-变电,开关柜,观察窗,观察窗模糊,022_kgg_gcc_gccmh
设备-变电,开关柜,观察窗,观察窗破损,022_kgg_gcc_gccps
设备-变电,开关柜,观察窗,正常,022_kgg_gcc_zc
设备-变电,开关柜,柜体,柜门闭合异常,022_kgg_gt_gmbhyc
设备-变电,开关柜,柜体,金属锈蚀,022_kgg_gt_jsxs
设备-变电,开关柜,柜体,正常,022_kgg_gt_zc
设备-变电,开关柜,压板状态,压板分,022_kgg_ybzt_ybf
设备-变电,开关柜,压板状态,压板合,022_kgg_ybzt_ybh
设备-变电,开关柜,压板状态,正常,022_kgg_ybzt_zc
设备-变电,开关柜,状态指示器,带电显示仪异常,022_kgg_ztzsq_ddxsyyc
设备-变电,开关柜,状态指示器,正常,022_kgg_ztzsq_zc
设备-变电,开关柜,状态指示器,状态指示异常,022_kgg_ztzsq_ztzsyc
设备-变电,母线,构架及基础,金属锈蚀,022_mx_gjjjc_jsxs
设备-变电,母线,构架及基础,正常,022_mx_gjjjc_zc
设备-变电,母线,均压环,变形,022_mx_jyh_bx
设备-变电,母线,均压环,破损,022_mx_jyh_ps
设备-变电,母线,均压环,脱落,022_mx_jyh_tl
设备-变电,母线,均压环,正常,022_mx_jyh_zc
设备-变电,母线,母线导体,锈蚀,022_mx_mxdt_xs
设备-变电,母线,母线导体,引线断股或松股,022_mx_mxdt_yxdghsg
设备-变电,母线,母线导体,正常,022_mx_mxdt_zc
设备-变电,通用设施,表计表盘,表盘模糊,022_tyss_bjbp_bpmh
设备-变电,通用设施,表计表盘,表盘破损,022_tyss_bjbp_bpps
设备-变电,通用设施,表计表盘,读数异常,022_tyss_bjbp_dsyc
设备-变电,通用设施,表计表盘,正常,022_tyss_bjbp_zc
设备-变电,通用设施,套管,表面污秽,022_tyss_tg_bmwh
设备-变电,通用设施,套管,表面油污,022_tyss_tg_bmyw
设备-变电,通用设施,套管,法兰开裂,022_tyss_tg_flkl
设备-变电,通用设施,套管,金属锈蚀,022_tyss_tg_jsxs
设备-变电,通用设施,套管,裂纹,022_tyss_tg_lw
设备-变电,通用设施,套管,破损,022_tyss_tg_ps
设备-变电,通用设施,套管,正常,022_tyss_tg_zc
设备-变电,消弧装置,本体,部件表面油污,022_xhzz_bt_bjbmyw
设备-变电,消弧装置,本体,火灾烟雾,022_xhzz_bt_hzyw
设备-变电,消弧装置,本体,锈蚀,022_xhzz_bt_xs
设备-变电,消弧装置,本体,正常,022_xhzz_bt_zc
设备-变电,消弧装置,储油柜,锈蚀,022_xhzz_cyg_xs
设备-变电,消弧装置,储油柜,正常,022_xhzz_cyg_zc
设备-变电,消弧装置,构架及基础,接地引下线断裂,022_xhzz_gjjjc_jdyxxdl
设备-变电,消弧装置,构架及基础,金属锈蚀,022_xhzz_gjjjc_jsxs
设备-变电,消弧装置,构架及基础,倾斜,022_xhzz_gjjjc_qx
设备-变电,消弧装置,构架及基础,正常,022_xhzz_gjjjc_zc
设备-变电,消弧装置,呼吸器,硅胶变色,022_xhzz_hxq_gjbs
设备-变电,消弧装置,呼吸器,硅胶筒玻璃破损,022_xhzz_hxq_gjtblps
设备-变电,消弧装置,呼吸器,油封玻璃破损,022_xhzz_hxq_yfblps
设备-变电,消弧装置,呼吸器,油封油位异常,022_xhzz_hxq_yfywyc
设备-变电,消弧装置,呼吸器,正常,022_xhzz_hxq_zc
设备-变电,组合电器,本体,金属锈蚀,022_zhdq_bt_jsxs
设备-变电,组合电器,本体,外观变形,022_zhdq_bt_wgbx
设备-变电,组合电器,本体,正常,022_zhdq_bt_zc
设备-变电,组合电器,汇控柜,柜门闭合异常,022_zhdq_hkg_gmbhyc
设备-变电,组合电器,汇控柜,外观变形,022_zhdq_hkg_wgbx
设备-变电,组合电器,汇控柜,正常,022_zhdq_hkg_zc
设备-变电,组合电器,机构箱,金属锈蚀,022_zhdq_jgx_jsxs
设备-变电,组合电器,机构箱,箱门闭合异常,022_zhdq_jgx_xmbhyc
设备-变电,组合电器,机构箱,正常,022_zhdq_jgx_zc
设备-变电,组合电器,均压环,变形,022_zhdq_jyh_bx
设备-变电,组合电器,均压环,破损,022_zhdq_jyh_ps
设备-变电,组合电器,均压环,脱落,022_zhdq_jyh_tl
设备-变电,组合电器,均压环,正常,022_zhdq_jyh_zc
设备-配电, 低压配电柜,本体,本体外观破损,023_ dypdg_bt_btwgps
设备-配电,低压配电柜,本体,本体外观破损,023_ dypdg_bt_btwgps
设备-配电,低压配电柜,本体,正常,023_ dypdg_bt_zc
设备-配电, 低压配电柜,表箱,表箱锈蚀,023_ dypdg_bx_bxxs
设备-配电,低压配电柜,表箱,表箱锈蚀,023_ dypdg_bx_bxxs
设备-配电,低压配电柜,表箱,正常,023_ dypdg_bx_zc
设备-配电,ADSS,接线盒,接线盒脱落,023_adss_jxh_jxhtl
设备-配电,ADSS,接线盒,密封不良,023_adss_jxh_mfbl
设备-配电,ADSS,接线盒,正常,023_adss_jxh_zc
设备-配电,ADSS,支架,正常,023_adss_zj_zc
设备-配电,ADSS,支架,支架螺丝缺失,023_adss_zj_zjlsqs
设备-配电,ADSS,支架,支架缺失,023_adss_zj_zjqs
设备-配电,ADSS,支架,支架脱落,023_adss_zj_zjtl
设备-配电,保护金具,防振锤,滑移,023_bhjj_fzc_hy
设备-配电,保护金具,防振锤,偏斜,023_bhjj_fzc_px
设备-配电,保护金具,防振锤,脱落,023_bhjj_fzc_tl
设备-配电,保护金具,防振锤,锈蚀,023_bhjj_fzc_xs
设备-配电,保护金具,防振锤,正常,023_bhjj_fzc_zc
设备-配电,保护金具,护线条,断股,023_bhjj_hxt_dg
设备-配电,保护金具,护线条,破损,023_bhjj_hxt_ps
设备-配电,保护金具,护线条,松散,023_bhjj_hxt_ss
设备-配电,保护金具,护线条,位移,023_bhjj_hxt_wy
设备-配电,保护金具,护线条,正常,023_bhjj_hxt_zc
设备-配电,保护金具,护线条,灼伤,023_bhjj_hxt_zs
设备-配电,保护金具,间隔棒,缺损,023_bhjj_jgb_qs
设备-配电,保护金具,间隔棒,正常,023_bhjj_jgb_zc
设备-配电,保护金具,屏蔽环,损坏,023_bhjj_pbh_sh
设备-配电,保护金具,屏蔽环,脱落,023_bhjj_pbh_tl
设备-配电,保护金具,屏蔽环,锈蚀,023_bhjj_pbh_xs
设备-配电,保护金具,屏蔽环,正常,023_bhjj_pbh_zc
设备-配电,保护金具,屏蔽环,灼伤,023_bhjj_pbh_zs
设备-配电,保护金具,重锤,缺损,023_bhjj_zc_qs
设备-配电,保护金具,重锤,锈蚀,023_bhjj_zc_xs
设备-配电,保护金具,重锤,正常,023_bhjj_zc_zc
设备-配电,保护金具,阻尼线,断股,023_bhjj_znx_dg
设备-配电,保护金具,阻尼线,位移,023_bhjj_znx_wy
设备-配电,保护金具,阻尼线,正常,023_bhjj_znx_zc
设备-配电,保护金具,阻尼线,灼伤,023_bhjj_znx_zs
设备-配电,避雷器,本体,击伤,023_blq_bt_js
设备-配电,避雷器,本体,裂纹,023_blq_bt_lw
设备-配电,避雷器,本体,破损,023_blq_bt_ps
设备-配电,避雷器,本体,缺件,023_blq_bt_qj
设备-配电,避雷器,本体,缺螺栓,023_blq_bt_qls
设备-配电,避雷器,本体,松动,023_blq_bt_sd
设备-配电,避雷器,本体,脱落,023_blq_bt_tl
设备-配电,避雷器,本体,脱离器断开,023_blq_bt_tlqdk
设备-配电,避雷器,本体,正常,023_blq_bt_zc
设备-配电,避雷器,本体,炸开,023_blq_bt_zk
设备-配电,避雷器,计数器,表盘模糊,023_blq_jsq_bpmh
设备-配电,避雷器,计数器,计数器表面破损,023_blq_jsq_jsqbmps
设备-配电,避雷器,计数器,计数器连线松动,023_blq_jsq_jsqlxsd
设备-配电,避雷器,计数器,计数器连线脱落,023_blq_jsq_jsqlxtl
设备-配电,避雷器,计数器,计数器图文不清,023_blq_jsq_jsqtwbq
设备-配电,避雷器,计数器,计数器指示异常,023_blq_jsq_jsqzsyc
设备-配电,避雷器,计数器,外壳破损,023_blq_jsq_wkps
设备-配电,避雷器,计数器,泄漏电流表指示异常,023_blq_jsq_xldlbzsyc
设备-配电,避雷器,计数器,正常,023_blq_jsq_zc
设备-配电,避雷器,支架,间隙破损,023_blq_zj_jxps
设备-配电,避雷器,支架,正常,023_blq_zj_zc
设备-配电,避雷器,支架,支架松动,023_blq_zj_zjsd
设备-配电,避雷器,支架,支架脱落,023_blq_zj_zjtl
设备-配电,避雷针,本体,缺件,023_blz_bt_qj
设备-配电,避雷针,本体,松动,023_blz_bt_sd
设备-配电,避雷针,本体,脱落,023_blz_bt_tl
设备-配电,避雷针,本体,位移,023_blz_bt_wy
设备-配电,避雷针,本体,锈蚀,023_blz_bt_xs
设备-配电,避雷针,本体,正常,023_blz_bt_zc
设备-配电,避雷针,构架,金属锈蚀,023_blz_gj_jsxs
设备-配电,避雷针,构架,正常,023_blz_gj_zc
设备-配电,避雷针,接地装置,金属锈蚀,023_blz_jdzz_jsxs
设备-配电,避雷针,接地装置,正常,023_blz_jdzz_zc
设备-配电,变压器or电抗器,本体储油柜,部件表面油污,023_byq/dkq_btcyg_bjbmyw
设备-配电,变压器or电抗器,本体储油柜,金属锈蚀,023_byq/dkq_btcyg_jsxs
设备-配电,变压器or电抗器,本体储油柜,正常,023_byq/dkq_btcyg_zc
设备-配电,变压器or电抗器,本体呼吸器,硅胶变色,023_byq/dkq_bthxq_gjbs
设备-配电,变压器or电抗器,本体呼吸器,硅胶筒玻璃破损,023_byq/dkq_bthxq_gjtblps
设备-配电,变压器or电抗器,本体呼吸器,油封玻璃破损,023_byq/dkq_bthxq_yfblps
设备-配电,变压器or电抗器,本体呼吸器,油封油位异常,023_byq/dkq_bthxq_yfywyc
设备-配电,变压器or电抗器,本体呼吸器,正常,023_byq/dkq_bthxq_zc
设备-配电,变压器or电抗器,端子箱,金属锈蚀,023_byq/dkq_dzx_jsxs
设备-配电,变压器or电抗器,端子箱,箱门闭合异常,023_byq/dkq_dzx_xmbhyc
设备-配电,变压器or电抗器,端子箱,正常,023_byq/dkq_dzx_zc
设备-配电,变压器or电抗器,分接开关储油柜,部件表面油污,023_byq/dkq_fjkgcyg_bjbmyw
设备-配电,变压器or电抗器,分接开关储油柜,金属锈蚀,023_byq/dkq_fjkgcyg_jsxs
设备-配电,变压器or电抗器,分接开关储油柜,正常,023_byq/dkq_fjkgcyg_zc
设备-配电,变压器or电抗器,分接开关呼吸器,硅胶变色,023_byq/dkq_fjkghxq_gjbs
设备-配电,变压器or电抗器,分接开关呼吸器,硅胶筒玻璃破损,023_byq/dkq_fjkghxq_gjtblps
设备-配电,变压器or电抗器,分接开关呼吸器,油封玻璃破损,023_byq/dkq_fjkghxq_yfblps
设备-配电,变压器or电抗器,分接开关呼吸器,油封油位异常,023_byq/dkq_fjkghxq_yfywyc
设备-配电,变压器or电抗器,分接开关呼吸器,正常,023_byq/dkq_fjkghxq_zc
设备-配电,变压器or电抗器,分接开关机构箱,金属锈蚀,023_byq/dkq_fjkgjgx_jsxs
设备-配电,变压器or电抗器,分接开关机构箱,箱门闭合异常,023_byq/dkq_fjkgjgx_xmbhyc
设备-配电,变压器or电抗器,分接开关机构箱,正常,023_byq/dkq_fjkgjgx_zc
设备-配电,变压器or电抗器,护套,缺失,023_byq/dkq_ht_qs
设备-配电,变压器or电抗器,护套,正常,023_byq/dkq_ht_zc
设备-配电,变压器or电抗器,接地,锈蚀,023_byq/dkq_jd_xs
设备-配电,变压器or电抗器,接地,正常,023_byq/dkq_jd_zc
设备-配电,变压器or电抗器,控制箱,金属锈蚀,023_byq/dkq_kzx_jsxs
设备-配电,变压器or电抗器,控制箱,箱门闭合异常,023_byq/dkq_kzx_xmbhyc
设备-配电,变压器or电抗器,控制箱,正常,023_byq/dkq_kzx_zc
设备-配电,变压器or电抗器,冷却器,风扇故障,023_byq/dkq_lqq_fsgz
设备-配电,变压器or电抗器,冷却器,散热片表面污秽,023_byq/dkq_lqq_srpbmwh
设备-配电,变压器or电抗器,冷却器,正常,023_byq/dkq_lqq_zc
设备-配电,变压器or电抗器,潜油泵,部件表面油污,023_byq/dkq_qyb_bjbmyw
设备-配电,变压器or电抗器,潜油泵,正常,023_byq/dkq_qyb_zc
设备-配电,变压器or电抗器,升高座,部件表面油污,023_byq/dkq_sgz_bjbmyw
设备-配电,变压器or电抗器,升高座,正常,023_byq/dkq_sgz_zc
设备-配电,变压器or电抗器,压力释放阀,部件表面油污,023_byq/dkq_ylsff_bjbmyw
设备-配电,变压器or电抗器,压力释放阀,正常,023_byq/dkq_ylsff_zc
设备-配电,变压器or电抗器,油箱,部件表面油污,023_byq/dkq_yx_bjbmyw
设备-配电,变压器or电抗器,油箱,地面油污,023_byq/dkq_yx_dmyw
设备-配电,变压器or电抗器,油箱,构架爬梯未上锁,023_byq/dkq_yx_gjptwss
设备-配电,变压器or电抗器,油箱,金属锈蚀,023_byq/dkq_yx_jsxs
设备-配电,变压器or电抗器,油箱,漏油,023_byq/dkq_yx_ly
设备-配电,变压器or电抗器,油箱,正常,023_byq/dkq_yx_zc
设备-配电,变压器or电抗器,在线油色谱装置,部件表面油污,023_byq/dkq_zxyspzz_bjbmyw
设备-配电,变压器or电抗器,在线油色谱装置,正常,023_byq/dkq_zxyspzz_zc
设备-配电,变压器or电抗器,在线油色谱装置,在线显示装置异常,023_byq/dkq_zxyspzz_zxxszzyc
设备-配电,标志牌,杆号牌（含相序）,正常,023_bzp_ghp（hxx）_zc
设备-配电,标志牌,杆号牌（含相序）,破损,023_bzp_ghp（hxx）ps
设备-配电,标志牌,杆号牌（含相序）,图文不清,023_bzp_ghp（hxx）twbq
设备-配电,标志牌,警告牌,破损,023_bzp_jgp_ps
设备-配电,标志牌,警告牌,图文不清,023_bzp_jgp_twbq
设备-配电,标志牌,警告牌,正常,023_bzp_jgp_zc
设备-配电,标志牌,色标牌,破损,023_bzp_sbp_ps
设备-配电,标志牌,色标牌,退色,023_bzp_sbp_ts
设备-配电,标志牌,色标牌,正常,023_bzp_sbp_zc
设备-配电,导地线,本体,补修绑扎线松散,023_ddx_bt_bxbzxss
设备-配电,导地线,本体,断股,023_ddx_bt_dg
设备-配电,导地线,本体,断线,023_ddx_bt_dx
设备-配电,导地线,本体,地线锈蚀,023_ddx_bt_dxxs
设备-配电,导地线,本体,OPGW附件变形,023_ddx_bt_fjbx
设备-配电,导地线,本体,OPGW附件丢失,023_ddx_bt_fjds
设备-配电,导地线,本体,OPGW附件松动,023_ddx_bt_fjsd
设备-配电,导地线,本体,OPGW附件损伤,023_ddx_bt_fjss
设备-配电,导地线,本体,弧垂偏差,023_ddx_bt_hcpc
设备-配电,导地线,本体,OPGW接线盒脱落,023_ddx_bt_jxhtl
设备-配电,导地线,本体,绝缘线绝缘层破损,023_ddx_bt_jyxjycps
设备-配电,导地线,本体,裸露,023_ddx_bt_ll
设备-配电,导地线,本体,松股,023_ddx_bt_sg
设备-配电,导地线,本体,损伤,023_ddx_bt_ss
设备-配电,导地线,本体,跳股,023_ddx_bt_tg
设备-配电,导地线,本体,脱落,023_ddx_bt_tl
设备-配电,导地线,本体,未绑扎,023_ddx_bt_wbz
设备-配电,导地线,本体,异物,023_ddx_bt_yw
设备-配电,导地线,本体,正常,023_ddx_bt_zc
设备-配电,导地线,本体,子导线鞭击,023_ddx_bt_zdxbj
设备-配电,导地线,本体,子导线断线,023_ddx_bt_zdxdx
设备-配电,导地线,本体,子导线扭绞,023_ddx_bt_zdxnj
设备-配电,导地线,本体,子导线粘连,023_ddx_bt_zdxzl
设备-配电,电力电容器or耦合电容器,本体,部件表面油污,023_dldrq/ohdrq_bt_bjbmyw
设备-配电,电力电容器or耦合电容器,本体,硅胶变色,023_dldrq/ohdrq_bt_gjbs
设备-配电,电力电容器or耦合电容器,本体,硅胶筒玻璃破损,023_dldrq/ohdrq_bt_gjtblps
设备-配电,电力电容器or耦合电容器,本体,外观变形,023_dldrq/ohdrq_bt_wgbx
设备-配电,电力电容器or耦合电容器,本体,油封玻璃破损,023_dldrq/ohdrq_bt_yfblps
设备-配电,电力电容器or耦合电容器,本体,油封油位异常,023_dldrq/ohdrq_bt_yfywyc
设备-配电,电力电容器or耦合电容器,本体,正常,023_dldrq/ohdrq_bt_zc
设备-配电,电力电容器or耦合电容器,瓷套,表面污秽,023_dldrq/ohdrq_ct_bmwh
设备-配电,电力电容器or耦合电容器,瓷套,瓷套裂纹,023_dldrq/ohdrq_ct_ctlw
设备-配电,电力电容器or耦合电容器,瓷套,瓷套破损,023_dldrq/ohdrq_ct_ctps
设备-配电,电力电容器or耦合电容器,瓷套,正常,023_dldrq/ohdrq_ct_zc
设备-配电,电流互感器or电压互感器,本体,部件表面油污,023_dlhgq/dyhgq_bt_bjbmyw
设备-配电,电流互感器or电压互感器,本体,火灾烟雾,023_dlhgq/dyhgq_bt_hzyw
设备-配电,电流互感器or电压互感器,本体,金属锈蚀,023_dlhgq/dyhgq_bt_jsxs
设备-配电,电流互感器or电压互感器,本体,外绝缘裂纹,023_dlhgq/dyhgq_bt_wjylw
设备-配电,电流互感器or电压互感器,本体,外绝缘破损,023_dlhgq/dyhgq_bt_wjyps
设备-配电,电流互感器or电压互感器,本体,油位计破损,023_dlhgq/dyhgq_bt_ywjps
设备-配电,电流互感器or电压互感器,本体,油位计指示异常,023_dlhgq/dyhgq_bt_ywjzsyc
设备-配电,电流互感器or电压互感器,本体,正常,023_dlhgq/dyhgq_bt_zc
设备-配电,电流互感器or电压互感器,构架及基础,金属锈蚀,023_dlhgq/dyhgq_gjjjc_jsxs
设备-配电,电流互感器or电压互感器,构架及基础,倾斜,023_dlhgq/dyhgq_gjjjc_qx
设备-配电,电流互感器or电压互感器,构架及基础,正常,023_dlhgq/dyhgq_gjjjc_zc
设备-配电,断路器,本体,部件表面油污,023_dlq_bt_bjbmyw
设备-配电,断路器,本体,金属锈蚀,023_dlq_bt_jsxs
设备-配电,断路器,本体,正常,023_dlq_bt_zc
设备-配电,断路器,动作计数器,计数异常,023_dlq_dzjsq_jsyc
设备-配电,断路器,动作计数器,正常,023_dlq_dzjsq_zc
设备-配电,断路器,端子箱,金属锈蚀,023_dlq_dzx_jsxs
设备-配电,断路器,端子箱,箱门闭合异常,023_dlq_dzx_xmbhyc
设备-配电,断路器,端子箱,正常,023_dlq_dzx_zc
设备-配电,断路器,分合闸指示器,分合闸指示不清,023_dlq_fhzzsq_fhzzsbq
设备-配电,断路器,分合闸指示器,脱落,023_dlq_fhzzsq_tl
设备-配电,断路器,分合闸指示器,正常,023_dlq_fhzzsq_zc
设备-配电,断路器,机构箱,金属锈蚀,023_dlq_jgx_jsxs
设备-配电,断路器,机构箱,外观变形,023_dlq_jgx_wgbx
设备-配电,断路器,机构箱,箱门闭合异常,023_dlq_jgx_xmbhyc
设备-配电,断路器,机构箱,正常,023_dlq_jgx_zc
设备-配电,断路器,均压环,脱落,023_dlq_jyh_tl
设备-配电,断路器,均压环,正常,023_dlq_jyh_zc
设备-配电,断路器,套管,缺绝缘罩,023_dlq_tg_qjyz
设备-配电,跌落式熔断器,本体,绝缘罩缺失,023_dlsrdq_bt_jyzqs
设备-配电,跌落式熔断器,本体,开断,023_dlsrdq_bt_kd
设备-配电,跌落式熔断器,本体,破损,023_dlsrdq_bt_ps
设备-配电,跌落式熔断器,本体,污秽,023_dlsrdq_bt_wh
设备-配电,跌落式熔断器,本体,锈蚀,023_dlsrdq_bt_xs
设备-配电,跌落式熔断器,本体,正常,023_dlsrdq_bt_zc
设备-配电,防鸟设施,防鸟设施,缺失,023_fnss_fnss_qs
设备-配电,防鸟设施,防鸟设施,松动,023_fnss_fnss_sd
设备-配电,防鸟设施,防鸟设施,损坏,023_fnss_fnss_sh
设备-配电,防鸟设施,防鸟设施,正常,023_fnss_fnss_zc
设备-配电,隔离开关,分合闸指示,分合闸指示不清,023_glkg_fhzzs_fhzzsbq
设备-配电,隔离开关,分合闸指示,脱落,023_glkg_fhzzs_tl
设备-配电,隔离开关,分合闸指示,正常,023_glkg_fhzzs_zc
设备-配电,隔离开关,机构箱,金属锈蚀,023_glkg_jgx_jsxs
设备-配电,隔离开关,机构箱,箱门闭合异常,023_glkg_jgx_xmbhyc
设备-配电,隔离开关,机构箱,正常,023_glkg_jgx_zc
设备-配电,杆塔,叉梁,抱箍变形,023_gt_cl_bgbx
设备-配电,杆塔,叉梁,抱箍螺栓缺少,023_gt_cl_bglsqs
设备-配电,杆塔,叉梁,抱箍锈蚀,023_gt_cl_bgxs
设备-配电,杆塔,叉梁,水泥脱落,023_gt_cl_sntl
设备-配电,杆塔,叉梁,锈蚀,023_gt_cl_xs
设备-配电,杆塔,叉梁,正常,023_gt_cl_zc
设备-配电,杆塔,杆身,倒杆,023_gt_gs_dg
设备-配电,杆塔,杆身,法兰盘损坏,023_gt_gs_flpsh
设备-配电,杆塔,杆身,法兰锈蚀,023_gt_gs_flxs
设备-配电,杆塔,杆身,焊缝裂纹,023_gt_gs_hflw
设备-配电,杆塔,杆身,螺栓锈蚀,023_gt_gs_lsxs
设备-配电,杆塔,杆身,鸟巢,023_gt_gs_nc
设备-配电,杆塔,杆身,破损,023_gt_gs_ps
设备-配电,杆塔,杆身,缺螺栓,023_gt_gs_qls
设备-配电,杆塔,杆身,倾斜,023_gt_gs_qx
设备-配电,杆塔,杆身,损伤,023_gt_gs_ss
设备-配电,杆塔,杆身,弯曲,023_gt_gs_wq
设备-配电,杆塔,杆身,锈蚀,023_gt_gs_xs
设备-配电,杆塔,杆身,异物,023_gt_gs_yw
设备-配电,杆塔,杆身,正常,023_gt_gs_zc
设备-配电,杆塔,横担,扭转,023_gt_hd_nz
设备-配电,杆塔,横担,歪斜,023_gt_hd_wx
设备-配电,杆塔,横担,锈蚀,023_gt_hd_xs
设备-配电,杆塔,横担,正常,023_gt_hd_zc
设备-配电,杆塔,横担护栏,变形,023_gt_hdhl_bx
设备-配电,杆塔,横担护栏,断裂,023_gt_hdhl_dl
设备-配电,杆塔,横担护栏,脱落,023_gt_hdhl_tl
设备-配电,杆塔,横担护栏,锈蚀,023_gt_hdhl_xs
设备-配电,杆塔,横担护栏,正常,023_gt_hdhl_zc
设备-配电,杆塔,护栏,变形,023_gt_hl_bx
设备-配电,杆塔,护栏,断裂,023_gt_hl_dl
设备-配电,杆塔,护栏,锈蚀,023_gt_hl_xs
设备-配电,杆塔,护栏,正常,023_gt_hl_zc
设备-配电,杆塔,脚钉,变形,023_gt_jd_bx
设备-配电,杆塔,脚钉,缺少,023_gt_jd_qs
设备-配电,杆塔,脚钉,松动,023_gt_jd_sd
设备-配电,杆塔,脚钉,锈蚀,023_gt_jd_xs
设备-配电,杆塔,脚钉,正常,023_gt_jd_zc
设备-配电,杆塔,拉线,内Ｘ拉线金具缺少,023_gt_lx_nＸlxjjqs
设备-配电,杆塔,拉线,内Ｘ拉线金具锈蚀,023_gt_lx_nＸlxjjxs
设备-配电,杆塔,拉线,内Ｘ拉线缺少,023_gt_lx_nＸlxqs
设备-配电,杆塔,拉线,内Ｘ拉线松,023_gt_lx_nＸlxs
设备-配电,杆塔,拉线,松弛,023_gt_lx_sc
设备-配电,杆塔,拉线,水平稳拉金具缺少,023_gt_lx_spwljjqs
设备-配电,杆塔,拉线,水平稳拉金具锈蚀,023_gt_lx_spwljjxs
设备-配电,杆塔,拉线,水平稳拉缺少,023_gt_lx_spwlqs
设备-配电,杆塔,拉线,水平稳拉松,023_gt_lx_spwls
设备-配电,杆塔,拉线,损伤,023_gt_lx_ss
设备-配电,杆塔,拉线,锈蚀,023_gt_lx_xs
设备-配电,杆塔,拉线,UT 型线夹反装,023_gt_lx_xxjfz
设备-配电,杆塔,拉线,UT 型线夹缺螺母,023_gt_lx_xxjqlm
设备-配电,杆塔,拉线,UT 型线夹尾线散开,023_gt_lx_xxjwxsk
设备-配电,杆塔,拉线,UT 型线夹扎头铁丝散开,023_gt_lx_xxjzttssk
设备-配电,杆塔,拉线,正常,023_gt_lx_zc
设备-配电,杆塔,爬梯,变形,023_gt_pati_bx
设备-配电,杆塔,爬梯,断开,023_gt_pati_dk
设备-配电,杆塔,爬梯,防坠装置失灵,023_gt_pati_fzzzsl
设备-配电,杆塔,爬梯,缺损,023_gt_pati_qs
设备-配电,杆塔,爬梯,脱落,023_gt_pati_tl
设备-配电,杆塔,爬梯,锈蚀,023_gt_pati_xs
设备-配电,杆塔,爬梯,正常,023_gt_pati_zc
设备-配电,杆塔,平台,变形,023_gt_pingtai_bx
设备-配电,杆塔,平台,缺损,023_gt_pingtai_qs
设备-配电,杆塔,平台,锈蚀,023_gt_pingtai_xs
设备-配电,杆塔,平台,正常,023_gt_pingtai_zc
设备-配电,杆塔,塔材,抱箍锈蚀,023_gt_tc_bgxs
设备-配电,杆塔,塔材,变形,023_gt_tc_bx
设备-配电,杆塔,塔材,钢筋裸露,023_gt_tc_gjll
设备-配电,杆塔,塔材,缺螺栓,023_gt_tc_qls
设备-配电,杆塔,塔材,缺塔材,023_gt_tc_qtc
设备-配电,杆塔,塔材,锈蚀,023_gt_tc_xs
设备-配电,杆塔,塔材,正常,023_gt_tc_zc
设备-配电,杆塔,塔顶,损坏,023_gt_td_sh
设备-配电,杆塔,塔顶,正常,023_gt_td_zc
设备-配电,杆塔,塔身,抱箍螺栓松动,023_gt_ts_bglssd
设备-配电,杆塔,塔身,抱箍螺栓锈蚀,023_gt_ts_bglsxs
设备-配电,杆塔,塔身,地线顶架锈蚀,023_gt_ts_dxdjxs
设备-配电,杆塔,塔身,法兰盘损坏,023_gt_ts_flpsh
设备-配电,杆塔,塔身,钢箍保护层脱落,023_gt_ts_ggbhctl
设备-配电,杆塔,塔身,连接钢圈损坏,023_gt_ts_ljgqsh
设备-配电,杆塔,塔身,螺栓锈蚀,023_gt_ts_lsxs
设备-配电,杆塔,塔身,裂纹,023_gt_ts_lw
设备-配电,杆塔,塔身,缺螺栓,023_gt_ts_qls
设备-配电,杆塔,塔身,弯曲,023_gt_ts_wq
设备-配电,杆塔,塔身,锈蚀,023_gt_ts_xs
设备-配电,杆塔,塔身,异物,023_gt_ts_yw
设备-配电,杆塔,塔身,正常,023_gt_ts_zc
设备-配电,高压配电柜,本体,本体外观破损,023_gypdg_bt_btwgps
设备-配电,高压配电柜,本体,正常,023_gypdg_bt_zc
设备-配电,高压配电柜,表箱,表箱锈蚀,023_gypdg_bx_bxxs
设备-配电,高压配电柜,表箱,正常,023_gypdg_bx_zc
设备-配电,高压配电柜,操作把手,操作把手位置,023_gypdg_czbs_czbswz
设备-配电,高压配电柜,操作把手,正常,023_gypdg_czbs_zc
设备-配电,高压配电柜,压板,压板位置状态,023_gypdg_yb_ybwzzt
设备-配电,高压配电柜,压板,正常,023_gypdg_yb_zc
设备-配电,环境监测,房屋建筑物,盖板破损,023_hjjc_fwjzw_gbps
设备-配电,环境监测,房屋建筑物,盖板缺失,023_hjjc_fwjzw_gbqs
设备-配电,环境监测,房屋建筑物,门窗墙损坏,023_hjjc_fwjzw_mcqsh
设备-配电,环境监测,房屋建筑物,排洪沟堵塞,023_hjjc_fwjzw_phgds
设备-配电,环境监测,房屋建筑物,正常,023_hjjc_fwjzw_zc
设备-配电,环境监测,火灾烟雾,火灾烟雾,023_hjjc_hzyw_hzyw
设备-配电,环境监测,火灾烟雾,正常,023_hjjc_hzyw_zc
设备-配电,环境监测,积雪、积水、漏水,室内地面积雪、积水,023_hjjc_jx/js/ls_sndmjx/js
设备-配电,环境监测,积雪、积水、漏水,室内墙面或屋顶漏水,023_hjjc_jx/js/ls_snqmhwdls
设备-配电,环境监测,积雪、积水、漏水,正常,023_hjjc_jx/js/ls_zc
设备-配电,环境监测,小动物闯入,小动物闯入,023_hjjc_xdwcr_xdwcr
设备-配电,环境监测,小动物闯入,正常,023_hjjc_xdwcr_zc
设备-配电,环境监测,站房,安防区域入侵,023_hjjc_zf_afqyrq
设备-配电,环境监测,站房,防生物入侵,023_hjjc_zf_fswrq
设备-配电,环境监测,站房,正常,023_hjjc_zf_zc
设备-配电,基础,保护帽,出现裂缝,023_jc_bhm_cxlf
设备-配电,基础,保护帽,破损、浇制不全,023_jc_bhm_ps/jzbq
设备-配电,基础,保护帽,渗水,023_jc_bhm_ss
设备-配电,基础,保护帽,未浇制,023_jc_bhm_wjz
设备-配电,基础,保护帽,正常,023_jc_bhm_zc
设备-配电,基础,杆塔基础,沉降,023_jc_gtjc_cj
设备-配电,基础,杆塔基础,防洪设施倒塌,023_jc_gtjc_fhssdt
设备-配电,基础,杆塔基础,防碰撞设施损坏,023_jc_gtjc_fpzsssh
设备-配电,基础,杆塔基础,回填不够、基础保护范围内取土、基础保护范围内冲刷、基础保护范围内坍塌、基础保护范围内滑坡,023_jc_gtjc_htbg/jcbhfwnqt/jcbhfwncs/jcbhfwntt/jcbhfwnhp
设备-配电,基础,杆塔基础,基础立柱淹没,023_jc_gtjc_jclzym
设备-配电,基础,杆塔基础,金属基础锈蚀,023_jc_gtjc_jsjcxs
设备-配电,基础,杆塔基础,破损,023_jc_gtjc_ps
设备-配电,基础,杆塔基础,上拔,023_jc_gtjc_sb
设备-配电,基础,杆塔基础,正常,023_jc_gtjc_zc
设备-配电,基础,杆塔基础,杂物堆积、植被覆盖,023_jc_gtjc_zwdj/zbfg
设备-配电,基础,拉线基础,回填不够、基础保护范围内取土、基础保护范围内冲刷、基础保护范围内坍塌、基础保护范围内滑坡,023_jc_lxjc_htbg/jcbhfwnqt/jcbhfwncs/jcbhfwntt/jcbhfwnhp
设备-配电,基础,拉线基础,拉线棒锈蚀,023_jc_lxjc_lxbxs
设备-配电,基础,拉线基础,正常,023_jc_lxjc_zc
设备-配电,基础,拉线基础,杂物堆积,023_jc_lxjc_zwdj
设备-配电,接地装置,接地螺栓,缺失,023_jdzz_jdls_qs
设备-配电,接地装置,接地螺栓,锈蚀,023_jdzz_jdls_xs
设备-配电,接地装置,接地螺栓,正常,023_jdzz_jdls_zc
设备-配电,接地装置,接地线,外露,023_jdzz_jdx_wl
设备-配电,接地装置,接地线,正常,023_jdzz_jdx_zc
设备-配电,接地装置,引下线,断开,023_jdzz_yxx_dk
设备-配电,接地装置,引下线,缺失,023_jdzz_yxx_qs
设备-配电,接地装置,引下线,锈蚀,023_jdzz_yxx_xs
设备-配电,接地装置,引下线,正常,023_jdzz_yxx_zc
设备-配电,接续金具,并沟线夹,螺栓松动,023_jxjj_bgxj_lssd
设备-配电,接续金具,并沟线夹,缺损,023_jxjj_bgxj_qs
设备-配电,接续金具,并沟线夹,位移,023_jxjj_bgxj_wy
设备-配电,接续金具,并沟线夹,正常,023_jxjj_bgxj_zc
设备-配电,接续金具,接续管,导地线出口处断股、抽头或位移,023_jxjj_jxg_ddxckcdg/cthwy
设备-配电,接续金具,接续管,导地线出口处鼓包,023_jxjj_jxg_ddxckcgb
设备-配电,接续金具,接续管,裂纹,023_jxjj_jxg_lw
设备-配电,接续金具,接续管,弯曲,023_jxjj_jxg_wq
设备-配电,接续金具,接续管,正常,023_jxjj_jxg_zc
设备-配电,接续金具,绝缘罩,脱落,023_jxjj_jyz_tl
设备-配电,接续金具,绝缘罩,正常,023_jxjj_jyz_zc
设备-配电,接续金具,螺栓螺母,缺失,023_jxjj_lslm_qs
设备-配电,接续金具,螺栓螺母,正常,023_jxjj_lslm_zc
设备-配电,接续金具,球头,锈蚀,023_jxjj_qt_xs
设备-配电,接续金具,球头,正常,023_jxjj_qt_zc
设备-配电,接续金具,线夹,跑线,023_jxjj_xj_px
设备-配电,接续金具,线夹,脱落,023_jxjj_xj_tl
设备-配电,接续金具,线夹,锈蚀,023_jxjj_xj_xs
设备-配电,接续金具,线夹,正常,023_jxjj_xj_zc
设备-配电,接续金具,线夹铝包带,缠绕不规范,023_jxjj_xjlbd_crbgf
设备-配电,接续金具,线夹铝包带,缺失,023_jxjj_xjlbd_qs
设备-配电,接续金具,线夹铝包带,正常,023_jxjj_xjlbd_zc
设备-配电,接续金具,预绞丝,断股,023_jxjj_yjs_dg
设备-配电,接续金具,预绞丝,滑移,023_jxjj_yjs_hy
设备-配电,接续金具,预绞丝,散股,023_jxjj_yjs_sg
设备-配电,接续金具,预绞丝,正常,023_jxjj_yjs_zc
设备-配电,接续金具,主件,松动脱落,023_jxjj_zj_sdtl
设备-配电,接续金具,主件,正常,023_jxjj_zj_zc
设备-配电,绝缘子,本体,串倾斜,023_jyz_bt_cqx
设备-配电,绝缘子,本体,掉串,023_jyz_bt_dc
设备-配电,绝缘子,本体,放电痕迹,023_jyz_bt_fdhj
设备-配电,绝缘子,本体,钢脚变形,023_jyz_bt_gjbx
设备-配电,绝缘子,本体,钢帽裂纹,023_jyz_bt_gmlw
设备-配电,绝缘子,本体,裂纹,023_jyz_bt_lw
设备-配电,绝缘子,本体,破损,023_jyz_bt_ps
设备-配电,绝缘子,本体,污秽,023_jyz_bt_wh
设备-配电,绝缘子,本体,锈蚀,023_jyz_bt_xs
设备-配电,绝缘子,本体,釉表面灼伤,023_jyz_bt_ybmzs
设备-配电,绝缘子,本体,自爆,023_jyz_bt_zb
设备-配电,绝缘子,本体,正常,023_jyz_bt_zc
设备-配电,绝缘子,本体,憎水性丧失,023_jyz_bt_zsxss
设备-配电,绝缘子,护套,护套破损,023_jyz_ht_htps
设备-配电,绝缘子,护套,正常,023_jyz_ht_zc
设备-配电,绝缘子,均压环,均压环反装,023_jyz_jyh_jyhfz
设备-配电,绝缘子,均压环,均压环螺栓松,023_jyz_jyh_jyhlss
设备-配电,绝缘子,均压环,均压环损坏,023_jyz_jyh_jyhsh
设备-配电,绝缘子,均压环,均压环脱落,023_jyz_jyh_jyhtl
设备-配电,绝缘子,均压环,均压环锈蚀,023_jyz_jyh_jyhxs
设备-配电,绝缘子,均压环,均压环移位,023_jyz_jyh_jyhyw
设备-配电,绝缘子,均压环,均压环灼伤,023_jyz_jyh_jyhzs
设备-配电,绝缘子,均压环,正常,023_jyz_jyh_zc
设备-配电,绝缘子,伞裙,伞裙破损,023_jyz_sq_sqps
设备-配电,绝缘子,伞裙,伞裙脱落,023_jyz_sq_sqtl
设备-配电,绝缘子,伞裙,正常,023_jyz_sq_zc
设备-配电,绝缘子,招弧角,正常,023_jyz_zhj_zc
设备-配电,绝缘子,招弧角,招弧角间隙脱落,023_jyz_zhj_zhjjxtl
设备-配电,绝缘子,招弧角,招弧角灼伤,023_jyz_zhj_zhjzs
设备-配电,开关柜,观察窗,动作计数器异常,023_kgg_gcc_dzjsqyc
设备-配电,开关柜,观察窗,观察窗模糊,023_kgg_gcc_gccmh
设备-配电,开关柜,观察窗,观察窗破损,023_kgg_gcc_gccps
设备-配电,开关柜,观察窗,正常,023_kgg_gcc_zc
设备-配电,开关柜,柜体,柜门闭合异常,023_kgg_gt_gmbhyc
设备-配电,开关柜,柜体,金属锈蚀,023_kgg_gt_jsxs
设备-配电,开关柜,柜体,正常,023_kgg_gt_zc
设备-配电,开关柜,压板状态,压板分,023_kgg_ybzt_ybf
设备-配电,开关柜,压板状态,压板合,023_kgg_ybzt_ybh
设备-配电,开关柜,压板状态,正常,023_kgg_ybzt_zc
设备-配电,开关柜,状态指示器,带电显示仪异常,023_kgg_ztzsq_ddxsyyc
设备-配电,开关柜,状态指示器,正常,023_kgg_ztzsq_zc
设备-配电,开关柜,状态指示器,状态指示异常,023_kgg_ztzsq_ztzsyc
设备-配电,联接金具,调整板,磨损,023_ljjj_dzb_ms
设备-配电,联接金具,调整板,锈蚀,023_ljjj_dzb_xs
设备-配电,联接金具,调整板,正常,023_ljjj_dzb_zc
设备-配电,联接金具,挂板,变形,023_ljjj_gb_bx
设备-配电,联接金具,挂板,磨损,023_ljjj_gb_ms
设备-配电,联接金具,挂板,锁紧销缺损,023_ljjj_gb_sjxqs
设备-配电,联接金具,挂板,锈蚀,023_ljjj_gb_xs
设备-配电,联接金具,挂板,正常,023_ljjj_gb_zc
设备-配电,联接金具,挂板,灼伤,023_ljjj_gb_zs
设备-配电,联接金具,联板,磨损,023_ljjj_lb_ms
设备-配电,联接金具,联板,锈蚀,023_ljjj_lb_xs
设备-配电,联接金具,联板,正常,023_ljjj_lb_zc
设备-配电,联接金具,球头挂环,变形,023_ljjj_qtgh_bx
设备-配电,联接金具,球头挂环,磨损,023_ljjj_qtgh_ms
设备-配电,联接金具,球头挂环,锈蚀,023_ljjj_qtgh_xs
设备-配电,联接金具,球头挂环,正常,023_ljjj_qtgh_zc
设备-配电,联接金具,球头挂环,灼伤,023_ljjj_qtgh_zs
设备-配电,联接金具,U 型挂环,变形,023_ljjj_xgh_bx
设备-配电,联接金具,U 型挂环,磨损,023_ljjj_xgh_ms
设备-配电,联接金具,U 型挂环,缺螺帽,023_ljjj_xgh_qlm
设备-配电,联接金具,U 型挂环,销钉缺损,023_ljjj_xgh_xdqs
设备-配电,联接金具,U 型挂环,锈蚀,023_ljjj_xgh_xs
设备-配电,联接金具,U 型挂环,正常,023_ljjj_xgh_zc
设备-配电,联接金具,U 型挂环,灼伤,023_ljjj_xgh_zs
设备-配电,联接金具,YL 型拉杆,变形,023_ljjj_xlg_bx
设备-配电,联接金具,YL 型拉杆,磨损,023_ljjj_xlg_ms
设备-配电,联接金具,YL 型拉杆,锈蚀,023_ljjj_xlg_xs
设备-配电,联接金具,YL 型拉杆,正常,023_ljjj_xlg_zc
设备-配电,联接金具,YL 型拉杆,灼伤,023_ljjj_xlg_zs
设备-配电,联接金具,U 型螺丝,变形,023_ljjj_xls_bx
设备-配电,联接金具,U 型螺丝,开口销缺损,023_ljjj_xls_kkxqs
设备-配电,联接金具,U 型螺丝,磨损,023_ljjj_xls_ms
设备-配电,联接金具,U 型螺丝,缺螺帽,023_ljjj_xls_qlm
设备-配电,联接金具,U 型螺丝,锈蚀,023_ljjj_xls_xs
设备-配电,联接金具,U 型螺丝,正常,023_ljjj_xls_zc
设备-配电,联接金具,U 型螺丝,灼伤,023_ljjj_xls_zs
设备-配电,联接金具,延长环,变形,023_ljjj_ych_bx
设备-配电,联接金具,延长环,磨损,023_ljjj_ych_ms
设备-配电,联接金具,延长环,锈蚀,023_ljjj_ych_xs
设备-配电,联接金具,延长环,正常,023_ljjj_ych_zc
设备-配电,联接金具,延长环,灼伤,023_ljjj_ych_zs
设备-配电,联接金具,YL型拉杆,变形,023_ljjj_ylxlg_bx
设备-配电,联接金具,YL型拉杆,磨损,023_ljjj_ylxlg_ms
设备-配电,联接金具,YL型拉杆,锈蚀,023_ljjj_ylxlg_xs
设备-配电,联接金具,YL型拉杆,正常,023_ljjj_ylxlg_zc
设备-配电,联接金具,YL型拉杆,灼伤,023_ljjj_ylxlg_zs
设备-配电,联接金具,直角环,变形,023_ljjj_zjh_bx
设备-配电,联接金具,直角环,磨损,023_ljjj_zjh_ms
设备-配电,联接金具,直角环,锈蚀,023_ljjj_zjh_xs
设备-配电,联接金具,直角环,正常,023_ljjj_zjh_zc
设备-配电,联接金具,直角环,灼伤,023_ljjj_zjh_zs
设备-配电,母线,构架及基础,金属锈蚀,023_mx_gjjjc_jsxs
设备-配电,母线,构架及基础,正常,023_mx_gjjjc_zc
设备-配电,母线,均压环,脱落,023_mx_jyh_tl
设备-配电,母线,均压环,正常,023_mx_jyh_zc
设备-配电,母线,母线导体,锈蚀,023_mx_mxdt_xs
设备-配电,母线,母线导体,引线断股或松股,023_mx_mxdt_yxdghsg
设备-配电,母线,母线导体,正常,023_mx_mxdt_zc
设备-配电,耐张线夹,本体,滑移,023_nzxj_bt_hy
设备-配电,耐张线夹,本体,锈蚀,023_nzxj_bt_xs
设备-配电,耐张线夹,本体,正常,023_nzxj_bt_zc
设备-配电,耐张线夹,本体,灼伤,023_nzxj_bt_zs
设备-配电,耐张线夹,铝包带,断股,023_nzxj_lbd_dg
设备-配电,耐张线夹,铝包带,松散,023_nzxj_lbd_ss
设备-配电,耐张线夹,铝包带,正常,023_nzxj_lbd_zc
设备-配电,耐张线夹,螺栓,松动,023_nzxj_ls_sd
设备-配电,耐张线夹,螺栓,锁紧销缺损,023_nzxj_ls_sjxqs
设备-配电,耐张线夹,螺栓,脱落,023_nzxj_ls_tl
设备-配电,耐张线夹,螺栓,正常,023_nzxj_ls_zc
设备-配电,耐张线夹,压接管,管口导线滑动,023_nzxj_yjg_gkdxhd
设备-配电,耐张线夹,压接管,钢锚锈蚀,023_nzxj_yjg_gmxs
设备-配电,耐张线夹,压接管,裂纹,023_nzxj_yjg_lw
设备-配电,耐张线夹,压接管,正常,023_nzxj_yjg_zc
设备-配电,耐张线夹,引流板,裂纹,023_nzxj_ylb_lw
设备-配电,耐张线夹,引流板,正常,023_nzxj_ylb_zc
设备-配电,配电站房,指示灯,正常,023_pdzf_zsd_zc
设备-配电,配电站房,指示灯,指示灯状态,023_pdzf_zsd_zsdzt
设备-配电,通道环境,通道杂物堆积,通道杂物堆积,023_tdhj_tdzwdj_tdzwdj
设备-配电,通道环境,通道杂物堆积,正常,023_tdhj_tdzwdj_zc
设备-配电,通道环境,线路与树木、房屋距离,屋障、树障,023_tdhj_xlysm/fwjl_wz/sz
设备-配电,通道环境,线路与树木、房屋距离,正常,023_tdhj_xlysm/fwjl_zc
设备-配电,通道环境,线下施工外破隐患,翻斗车,023_tdhj_xxsgwpyh_fdc
设备-配电,通道环境,线下施工外破隐患,塔吊,023_tdhj_xxsgwpyh_td
设备-配电,通道环境,线下施工外破隐患,推土机,023_tdhj_xxsgwpyh_ttj
设备-配电,通道环境,线下施工外破隐患,挖掘机,023_tdhj_xxsgwpyh_wjj
设备-配电,通道环境,线下施工外破隐患,正常,023_tdhj_xxsgwpyh_zc
设备-配电,通道环境,线下山火烟雾隐患,山火、烟雾,023_tdhj_xxshywyh_sh/yw
设备-配电,通道环境,线下山火烟雾隐患,正常,023_tdhj_xxshywyh_zc
设备-配电,通用设施,表计表盘,正常,023_tyss_bjb_zc
设备-配电,通用设施,表计表盘,表盘模糊,023_tyss_bjbp_bpmh
设备-配电,通用设施,表计表盘,表盘破损,023_tyss_bjbp_bpps
设备-配电,通用设施,表计表盘,读数异常,023_tyss_bjbp_dsyc
设备-配电,通用设施,套管,表面污秽,023_tyss_tg_bmwh
设备-配电,通用设施,套管,表面油污,023_tyss_tg_bmyw
设备-配电,通用设施,套管,法兰开裂,023_tyss_tg_flkl
设备-配电,通用设施,套管,金属锈蚀,023_tyss_tg_jsxs
设备-配电,通用设施,套管,裂纹,023_tyss_tg_lw
设备-配电,通用设施,套管,破损,023_tyss_tg_ps
设备-配电,通用设施,套管,缺绝缘罩,023_tyss_tg_qjyz
设备-配电,通用设施,套管,正常,023_tyss_tg_zc
设备-配电,悬垂线夹,船体,变形,023_xcxj_ct_bx
设备-配电,悬垂线夹,船体,断裂,023_xcxj_ct_dl
设备-配电,悬垂线夹,船体,挂板锈蚀,023_xcxj_ct_gbxs
设备-配电,悬垂线夹,船体,挂轴磨损,023_xcxj_ct_gzms
设备-配电,悬垂线夹,船体,马鞍螺丝锈蚀,023_xcxj_ct_malsxs
设备-配电,悬垂线夹,船体,偏移,023_xcxj_ct_py
设备-配电,悬垂线夹,船体,锈蚀,023_xcxj_ct_xs
设备-配电,悬垂线夹,船体,正常,023_xcxj_ct_zc
设备-配电,悬垂线夹,船体,灼伤,023_xcxj_ct_zs
设备-配电,悬垂线夹,螺栓,开口销缺损,023_xcxj_ls_kkxqs
设备-配电,悬垂线夹,螺栓,缺垫片,023_xcxj_ls_qdp
设备-配电,悬垂线夹,螺栓,缺螺帽,023_xcxj_ls_qlm
设备-配电,悬垂线夹,螺栓,松动,023_xcxj_ls_sd
设备-配电,悬垂线夹,螺栓,脱落,023_xcxj_ls_tl
设备-配电,悬垂线夹,螺栓,正常,023_xcxj_ls_zc
设备-配电,消弧装置,本体,部件表面油污,023_xhzz_bt_bjbmyw
设备-配电,消弧装置,本体,火灾烟雾,023_xhzz_bt_hzyw
设备-配电,消弧装置,本体,锈蚀,023_xhzz_bt_xs
设备-配电,消弧装置,本体,正常,023_xhzz_bt_zc
设备-配电,消弧装置,储油柜,锈蚀,023_xhzz_cyg_xs
设备-配电,消弧装置,储油柜,正常,023_xhzz_cyg_zc
设备-配电,消弧装置,构架及基础,接地引下线断裂,023_xhzz_gjjjc_jdyxxdl
设备-配电,消弧装置,构架及基础,金属锈蚀,023_xhzz_gjjjc_jsxs
设备-配电,消弧装置,构架及基础,倾斜,023_xhzz_gjjjc_qx
设备-配电,消弧装置,构架及基础,正常,023_xhzz_gjjjc_zc
设备-配电,消弧装置,呼吸器,硅胶变色,023_xhzz_hxq_gjbs
设备-配电,消弧装置,呼吸器,硅胶筒玻璃破损,023_xhzz_hxq_gjtblps
设备-配电,消弧装置,呼吸器,油封玻璃破损,023_xhzz_hxq_yfblps
设备-配电,消弧装置,呼吸器,油封油位异常,023_xhzz_hxq_yfywyc
设备-配电,消弧装置,呼吸器,正常,023_xhzz_hxq_zc
设备-配电,小金具,螺母,安装不规范,023_xjj_lm_azbgf
设备-配电,小金具,螺母,缺螺母,023_xjj_lm_qlm
设备-配电,小金具,螺母,锈蚀,023_xjj_lm_xs
设备-配电,小金具,螺母,正常,023_xjj_lm_zc
设备-配电,小金具,螺丝,安装不规范,023_xjj_ls_azbgf
设备-配电,小金具,螺丝,正常,023_xjj_ls_zc
设备-配电,小金具,销钉,安装不到位,023_xjj_xd_azbdw
设备-配电,小金具,销钉,缺销,023_xjj_xd_qx
设备-配电,小金具,销钉,锈蚀,023_xjj_xd_xs
设备-配电,小金具,销钉,R型销钉缺失或脱落,023_xjj_xd_xxdqshtl
设备-配电,小金具,销钉,R型销钉松动,023_xjj_xd_xxdsd
设备-配电,小金具,销钉,正常,023_xjj_xd_zc
设备-配电,小金具,销子,保险销子脱落,023_xjj_xz_bxxztl
设备-配电,小金具,销子,正常,023_xjj_xz_zc
设备-配电,组合电器,本体,金属锈蚀,023_zhdq_bt_jsxs
设备-配电,组合电器,本体,缺绝缘罩,023_zhdq_bt_qjyz
设备-配电,组合电器,本体,外观变形,023_zhdq_bt_wgbx
设备-配电,组合电器,本体,正常,023_zhdq_bt_zc
设备-配电,组合电器,汇控柜,柜门闭合异常,023_zhdq_hkg_gmbhyc
设备-配电,组合电器,汇控柜,外观变形,023_zhdq_hkg_wgbx
设备-配电,组合电器,汇控柜,正常,023_zhdq_hkg_zc
设备-配电,组合电器,机构箱,金属锈蚀,023_zhdq_jgx_jsxs
设备-配电,组合电器,机构箱,箱门闭合异常,023_zhdq_jgx_xmbhyc
设备-配电,组合电器,机构箱,正常,023_zhdq_jgx_zc
设备-配电,组合电器,均压环,脱落,023_zhdq_jyh_tl
设备-配电,组合电器,均压环,正常,023_zhdq_jyh_zc
设备-配电,组合电器,引线,缺绝缘罩,023_zhdq_yx_qjyz
设备-配电,在线监测装置,在线监测装置,采集箱松动,023_zxjczz_zxjczz_cjxsd
设备-配电,在线监测装置,在线监测装置,太阳能板松动和脱落,023_zxjczz_zxjczz_tynbsdhtl
设备-配电,在线监测装置,在线监测装置,元件缺失,023_zxjczz_zxjczz_yjqs
设备-配电,在线监测装置,在线监测装置,正常,023_zxjczz_zxjczz_zc
营销,计量装置,计量表,计量箱示数,031_jlzz_jlb_jlxss
营销,计量装置,计量箱,单表箱标识牌缺失,031_jlzz_jlx_danbiaoxiangbspqs
营销,计量装置,计量箱,单表箱封印缺失,031_jlzz_jlx_danbiaoxiangfyqs
营销,计量装置,计量箱,单表箱窥视窗破损,031_jlzz_jlx_danbiaoxiangkscps
营销,计量装置,计量箱,单表箱外观破损,031_jlzz_jlx_danbiaoxiangwgps
营销,计量装置,计量箱,多表箱锁具缺失,031_jlzz_jlx_dbxsjqs
营销,计量装置,计量箱,多表箱外观锈蚀,031_jlzz_jlx_dbxwgxs
营销,计量装置,计量箱,多表箱标识牌缺失,031_jlzz_jlx_duobiaoxiangbspqs
营销,计量装置,计量箱,多表箱封印缺失,031_jlzz_jlx_duobiaoxiangfyqs
营销,计量装置,计量箱,多表箱窥视窗破损,031_jlzz_jlx_duobiaoxiangkscps
营销,计量装置,计量箱,多表箱外观破损,031_jlzz_jlx_duobiaoxiangwgps
营销,计量装置,计量箱,计量箱门缺失,031_jlzz_jlx_jlxmqs
营销,计量装置,计量箱,计量箱图片过亮/过暗,031_jlzz_jlx_jlxtpgl/ga
营销,计量装置,计量箱,计量箱图像模糊,031_jlzz_jlx_jlxtxmh
营销,计量装置,计量箱,计量箱行列,031_jlzz_jlx_jlxxl
营销,营业厅监测,工作人员监测,营业厅工作人员戴帽子,031_yytjc_gzryjc_yytgzrydmz
营销,营业厅监测,工作人员监测,营业厅工作人员聚众聊天,031_yytjc_gzryjc_yytgzryjzlt
营销,营业厅监测,工作人员监测,营业厅工作人员躺卧,031_yytjc_gzryjc_yytgzrytw
营销,营业厅监测,工作人员监测,营业厅工作人员违规就餐,031_yytjc_gzryjc_yytgzrywgjc
营销,营业厅监测,工作人员监测,营业厅工作人员未佩戴工号牌,031_yytjc_gzryjc_yytgzrywpdghp
营销,营业厅监测,工作人员监测,营业厅工作人员玩手机,031_yytjc_gzryjc_yytgzrywsj
营销,营业厅监测,工作人员监测,营业厅工作人员未在岗,031_yytjc_gzryjc_yytgzrywzg
营销,营业厅监测,工作人员监测,营业厅工作人员着装不规范,031_yytjc_gzryjc_yytgzryzzbgf
营销,营业厅监测,环境监测,营业厅客流量统计,031_yytjc_hjjc_yytklltj
营销,营业厅监测,环境监测,营业厅内明火告警,031_yytjc_hjjc_yytnmhgj
营销,营业厅监测,环境监测,营业厅未开门,031_yytjc_hjjc_yytwkm
营销,营业厅监测,客户监测,客户年龄估计,031_yytjc_khjc_khnlgj
营销,营业厅监测,客户监测,营业厅抽烟,031_yytjc_khjc_yytcy
营销,营业厅监测,客户监测,营业厅内非法闯入,031_yytjc_khjc_yytnffcr
营销,营业厅监测,客户监测,营业厅内客户违规占座,031_yytjc_khjc_yytnkhwgzz
营销,营业厅监测,客户监测,营业厅内人员倒地,031_yytjc_khjc_yytnrydd
营销,营业厅监测,客户监测,营业厅人员攀爬柜台,031_yytjc_khjc_yytryppgt
基建,环境监测,房屋建筑物,盖板破损,041_hjjc_fwjzw_gbps
基建,环境监测,房屋建筑物,盖板缺失,041_hjjc_fwjzw_gbqs
基建,环境监测,房屋建筑物,门窗墙损坏,041_hjjc_fwjzw_mcqsh
基建,环境监测,房屋建筑物,排洪沟堵塞,041_hjjc_fwjzw_phgds
基建,环境监测,火灾烟雾,火灾烟雾,041_hjjc_hzyw_hzyw
基建,环境监测,积雪、积水、漏水,室内地面积雪、积水,041_hjjc_jx/js/ls_sndmjx/js
基建,环境监测,积雪、积水、漏水,室内墙面或屋顶漏水,041_hjjc_jx/js/ls_snqmhwdls
基建,环境监测,小动物闯入,小动物闯入,041_hjjc_xdwcr_xdwcr
基建,环境监测,站房,安防区域入侵,041_hjjc_zf_afqyrq
基建,环境监测,站房,防生物入侵,041_hjjc_zf_fswrq
基建,作业队伍,安全准入人员照片质量检测,安全准入照片模糊,041_zydw_aqzrryzpzljc aqzrzpmh
基建,作业队伍,安全准入人员照片质量检测,安全准入照片遮挡,041_zydw_aqzrryzpzljc aqzrzpzd
基建,作业视频,作业现场监控质量检测,监控范围内无作业内容,041_zysp_zyxcjkzljc_jkfwnwzynr
基建,作业视频,作业现场监控质量检测,监控内容是否遮挡,041_zysp_zyxcjkzljc_jknrsfzd
基建,作业违章,高空作业防高坠,高处作业未佩戴安全带,041_zywz_gkzyfgz_gczywpdaqd
基建,作业违章,高空作业防高坠,高处作业未正确使用安全带,041_zywz_gkzyfgz_gczywzqsyaqd
基建,作业违章,高空作业防高坠,梯上作业无人扶梯,041_zywz_gkzyfgz_tszywrft
基建,作业违章,现场作业安全警示,高空抛物,041_zywz_xczyaqjs_gkpw
基建,作业违章,现场作业安全警示,跨越（下穿）安全围栏,041_zywz_xczyaqjs_ky（xc）aqwl
基建,作业违章,现场作业安全警示,作业现场孔洞未遮盖或无防护措施,041_zywz_xczyaqjs_zyxckdwzghwfhcs
基建,作业违章,现场作业安全警示,作业现场明火,041_zywz_xczyaqjs_zyxcmh
基建,作业违章,现场作业安全警示,作业现场未设安全围栏,041_zywz_xczyaqjs_zyxcwsaqwl
基建,作业违章,现场作业安全警示,作业现场未设标示牌,041_zywz_xczyaqjs_zyxcwsbsp
基建,作业违章,现场作业安全警示,作业现场吸烟,041_zywz_xczyaqjs_zyxcxy
基建,作业违章,现场作业安全警示,作业现场烟火,041_zywz_xczyaqjs_zyxcyh
基建,作业违章,现场作业劳动防护,吊臂下站人,041_zywz_xczyldfh_dbxzr
基建,作业违章,现场作业劳动防护,接地线挂接不规范,041_zywz_xczyldfh_jdxgjbgf
基建,作业违章,现场作业劳动防护,未正确佩戴安全帽,041_zywz_xczyldfh_wzqpdaqm
基建,作业违章,现场作业劳动防护,现场作业未戴安全帽,041_zywz_xczyldfh_xczywdaqm
基建,作业违章,现场作业劳动防护,现场作业未规范着装,041_zywz_xczyldfh_xczywgfzz
基建,作业违章,现场作业劳动防护,现场作业未佩戴绝缘手套,041_zywz_xczyldfh_xczywpdjyst
基建,作业现场,动火作业现场,动火作业现场,041_zyxc_dhzyxc_dhzyxc
基建,作业现场,大型机械设备作业现场,斗臂车作业,041_zyxc_dxjxsbzyxc_dbczy
基建,作业现场,大型机械设备作业现场,吊车作业,041_zyxc_dxjxsbzyxc_dczy
基建,作业现场,大型机械设备作业现场,牵张机作业,041_zyxc_dxjxsbzyxc_qzjzy
基建,作业现场,大型机械设备作业现场,挖掘机作业,041_zyxc_dxjxsbzyxc_wjjzy
基建,作业现场,高处作业,杆塔作业现场,041_zyxc_gczy_gtzyxc
基建,作业现场,高处作业,脚手架上作业现场,041_zyxc_gczy_jsjszyxc
基建,作业现场,高处作业,设备上作业现场,041_zyxc_gczy_sbszyxc
基建,作业现场,高处作业,梯上作业现场,041_zyxc_gczy_tszyxc
基建,作业现场,深基坑作业现场,深基坑作业现场,041_zyxc_sjkzyxc_sjkzyxc
基建,作业现场,“三跨”作业现场,跨越带电线路作业现场,041_zyxc_skzyxc_kyddxlzyxc
基建,作业现场,“三跨”作业现场,跨越公路作业现场,041_zyxc_skzyxc_kyglzyxc
基建,作业现场,“三跨”作业现场,跨越铁路作业现场,041_zyxc_skzyxc_kytlzyxc
基建,作业信息,作业计划,安全措施勾选与否,041_zyxx_zyjh_aqcsgxyf
基建,作业信息,作业计划,安全交底签字人数识别,041_zyxx_zyjh_aqjdqzrssb
基建,作业信息,作业计划,工作负责人是否签字,041_zyxx_zyjh_gzfzrsfqz
基建,作业信息,作业计划,工作票字迹是否涂改,041_zyxx_zyjh_gzpzjsftg
基建,作业信息,作业计划,现场无作业人员,041_zyxx_zyjh_xcwzyry
基建,作业信息,作业计划,现场有作业人员,041_zyxx_zyjh_xcyzyry
基建,作业信息,作业资质,国网工服检测,041_zyxx_zyzz_gwgfjc
基建,作业信息,作业资质,工作负责人不在现场,041_zyxx_zyzz_gzfzrbzxc
基建,作业信息,作业资质,红色安全帽检测-安全督查员,041_zyxx_zyzz_hsaqmjc-aqdcy
基建,作业信息,作业资质,黄色安全帽检测-运行人员（工作许可人）,041_zyxx_zyzz_hsaqmjc-yxry（gzxkr）
基建,作业信息,作业资质,黄色马甲检测（安全员是否在场）,041_zyxx_zyzz_hsmjjc（aqysfzc）
基建,作业信息,作业资质,红色马甲检测（对应工作负责人在场检测）,041_zyxx_zyzz_hsmjjc（dygzfzrzcjc）
基建,作业信息,作业资质,空间作业未设监护人,041_zyxx_zyzz_kjzywsjhr
基建,作业信息,作业资质,蓝色安全帽检测-检修人员（包括工作负责人、工作班成员）,041_zyxx_zyzz_lsaqmjc-jxry（bkgzfzr/gzbcy）